<?xml version="1.0" encoding="UTF-8"?>
<schema xmlns="http://geonetwork-opensource.org/schemas/schema-ident" xmlns:xsi="http://www.w3.org/2001/XMLSchema-instance" xsi:schemaLocation="http://geonetwork-opensource.org/schemas/schema-ident http://geonetwork-opensource.org/schemas/schema-ident/schema-ident.xsd">
	<name>iso19139.anzlic</name>
	<id>42e2724c-ddda-11df-a6c5-001c2346de4c</id>
	<version>1.1</version>
	<appMinorVersionSupported>3.4.0</appMinorVersionSupported>
	<depends>iso19139</depends>
	<schemaLocation>http://www.isotc211.org/2005/gmd http://www.isotc211.org/2005/gmd/gmd.xsd http://www.isotc211.org/2005/srv http://schemas.opengis.net/iso/19139/20060504/srv/srv.xsd http://www.isotc211.org/2005/gmx http://www.isotc211.org/2005/gmx/gmx.xsd</schemaLocation>
	<autodetect xmlns:gmd="http://www.isotc211.org/2005/gmd" xmlns:gco="http://www.isotc211.org/2005/gco">
		<elements>
			<gmd:metadataStandardName>
				<gco:CharacterString>ANZLIC Metadata Profile: An Australian/New Zealand Profile of AS/NZS ISO 19115:2005, Geographic information - Metadata</gco:CharacterString>
			</gmd:metadataStandardName>
			<gmd:metadataStandardVersion>
				<gco:CharacterString>1.1</gco:CharacterString>
			</gmd:metadataStandardVersion>
		</elements>
	</autodetect>
</schema>
