<?xml version="1.0" encoding="UTF-8"?>
<CT_CodelistCatalogue xmlns="http://www.isotc211.org/2005/gmx" 
	xmlns:gco="http://www.isotc211.org/2005/gco" 
	xmlns:gml="http://www.opengis.net/gml" 
	xmlns:xlink="http://www.w3.org/1999/xlink" 
	xmlns:xsi="http://www.w3.org/2001/XMLSchema-instance"
                      xsi:schemaLocation="http://www.isotc211.org/2005/gmx http://www.isotc211.org/2005/gmx/gmx.xsd 
                      http://www.isotc211.org/2005/gco http://www.isotc211.org/2005/gco/gco.xsd 
                      http://www.opengis.net/gml http://www.isotc211.org/2005/gml/gml.xsd 
                      http://www.w3.org/1999/xlink  http://www.isotc211.org/2005/xlink/xlinks.xsd">
	<!--=====Catalogue description=====-->
	<name>
		<gco:CharacterString>ANZLIC search words</gco:CharacterString>
	</name>
	<scope>
		<gco:CharacterString>Codelists for thematic classification of resources, as defined by Australia New Zealand Land Information Council</gco:CharacterString>
	</scope>
	<fieldOfApplication>
		<gco:CharacterString>ANZLIC metadata</gco:CharacterString>
	</fieldOfApplication>
	<versionNumber>
		<gco:CharacterString>2.0</gco:CharacterString>
	</versionNumber>
	<versionDate>
		<gco:Date>2006-10-10</gco:Date>
	</versionDate>
	<!--============================================================================-->
	<!--============================================================================-->
	<!--============================= Codelists =======================================-->
	<codelistItem>
		<CodeListDictionary gml:id="anzlic-theme">
			<gml:description>Codelists for thematic classification of resources, as defined by Australia New Zealand Land Information Council</gml:description>
			<gml:identifier codeSpace="http://www.ga.gov.au/anzmeta">anzlic-theme</gml:identifier>
			<codeEntry>
				<CodeDefinition gml:id="AGRICULTURE">
					<gml:description>AGRICULTURE non-specific</gml:description>
					<gml:identifier codeSpace="http://www.ga.gov.au/anzmeta/search">AGRICULTURE</gml:identifier>
				</CodeDefinition>
			</codeEntry>
			<codeEntry>
				<CodeDefinition gml:id="AGRICULTURE-Crops">
					<gml:description>AGRICULTURE Crops</gml:description>
					<gml:identifier codeSpace="http://www.ga.gov.au/anzmeta/search">AGRICULTURE-Crops</gml:identifier>
				</CodeDefinition>
			</codeEntry>
			<codeEntry>
				<CodeDefinition gml:id="AGRICULTURE-Horticulture">
					<gml:description>AGRICULTURE Horticulture</gml:description>
					<gml:identifier codeSpace="http://www.ga.gov.au/anzmeta/search">AGRICULTURE-Horticulture</gml:identifier>
				</CodeDefinition>
			</codeEntry>
			<codeEntry>
				<CodeDefinition gml:id="AGRICULTURE-Irrigation">
					<gml:description>AGRICULTURE Irrigation</gml:description>
					<gml:identifier codeSpace="http://www.ga.gov.au/anzmeta/search">AGRICULTURE-Irrigation</gml:identifier>
				</CodeDefinition>
			</codeEntry>
			<codeEntry>
				<CodeDefinition gml:id="AGRICULTURE-Livestock">
					<gml:description>AGRICULTURE Livestock</gml:description>
					<gml:identifier codeSpace="http://www.ga.gov.au/anzmeta/search">AGRICULTURE-Livestock</gml:identifier>
				</CodeDefinition>
			</codeEntry>
			<codeEntry>
				<CodeDefinition gml:id="ATMOSPHERE">
					<gml:description>ATMOSPHERE non-specific</gml:description>
					<gml:identifier codeSpace="http://www.ga.gov.au/anzmeta/search">ATMOSPHERE</gml:identifier>
				</CodeDefinition>
			</codeEntry>
			<codeEntry>
				<CodeDefinition gml:id="ATMOSPHERE-Air-Quality">
					<gml:description>ATMOSPHERE Air Quality</gml:description>
					<gml:identifier codeSpace="http://www.ga.gov.au/anzmeta/search">ATMOSPHERE-Air-Quality</gml:identifier>
				</CodeDefinition>
			</codeEntry>
			<codeEntry>
				<CodeDefinition gml:id="ATMOSPHERE-Greenhouse">
					<gml:description>ATMOSPHERE Greenhouse</gml:description>
					<gml:identifier codeSpace="http://www.ga.gov.au/anzmeta/search">ATMOSPHERE-Greenhouse</gml:identifier>
				</CodeDefinition>
			</codeEntry>
			<codeEntry>
				<CodeDefinition gml:id="ATMOSPHERE-Ozone">
					<gml:description>ATMOSPHERE Ozone</gml:description>
					<gml:identifier codeSpace="http://www.ga.gov.au/anzmeta/search">ATMOSPHERE-Ozone</gml:identifier>
				</CodeDefinition>
			</codeEntry>
			<codeEntry>
				<CodeDefinition gml:id="ATMOSPHERE-Pressure">
					<gml:description>ATMOSPHERE Pressure</gml:description>
					<gml:identifier codeSpace="http://www.ga.gov.au/anzmeta/search">ATMOSPHERE-Pressure</gml:identifier>
				</CodeDefinition>
			</codeEntry>
			<codeEntry>
				<CodeDefinition gml:id="BOUNDARIES">
					<gml:description>BOUNDARIES non-specific</gml:description>
					<gml:identifier codeSpace="http://www.ga.gov.au/anzmeta/search">BOUNDARIES</gml:identifier>
				</CodeDefinition>
			</codeEntry>
			<codeEntry>
				<CodeDefinition gml:id="BOUNDARIES-Administrative">
					<gml:description>BOUNDARIES Administrative</gml:description>
					<gml:identifier codeSpace="http://www.ga.gov.au/anzmeta/search">BOUNDARIES-Administrative</gml:identifier>
				</CodeDefinition>
			</codeEntry>
			<codeEntry>
				<CodeDefinition gml:id="BOUNDARIES-Biophysical">
					<gml:description>BOUNDARIES Biophysical</gml:description>
					<gml:identifier codeSpace="http://www.ga.gov.au/anzmeta/search">BOUNDARIES-Biophysical</gml:identifier>
				</CodeDefinition>
			</codeEntry>
			<codeEntry>
				<CodeDefinition gml:id="BOUNDARIES-Cultural">
					<gml:description>BOUNDARIES Cultural</gml:description>
					<gml:identifier codeSpace="http://www.ga.gov.au/anzmeta/search">BOUNDARIES-Cultural</gml:identifier>
				</CodeDefinition>
			</codeEntry>
			<codeEntry>
				<CodeDefinition gml:id="CLIMATE-AND-WEATHER">
					<gml:description>CLIMATE AND WEATHER</gml:description>
					<gml:identifier codeSpace="http://www.ga.gov.au/anzmeta/search">CLIMATE-AND-WEATHER</gml:identifier>
				</CodeDefinition>
			</codeEntry>
			<codeEntry>
				<CodeDefinition gml:id="CLIMATE-AND-WEATHER-Climate-change">
					<gml:description>CLIMATE AND WEATHER Climate change</gml:description>
					<gml:identifier codeSpace="http://www.ga.gov.au/anzmeta/search">CLIMATE-AND-WEATHER-Climate-change</gml:identifier>
				</CodeDefinition>
			</codeEntry>
			<codeEntry>
				<CodeDefinition gml:id="CLIMATE-AND-WEATHER-Drought">
					<gml:description>CLIMATE AND WEATHER Drought</gml:description>
					<gml:identifier codeSpace="http://www.ga.gov.au/anzmeta/search">CLIMATE-AND-WEATHER-Drought</gml:identifier>
				</CodeDefinition>
			</codeEntry>
			<codeEntry>
				<CodeDefinition gml:id="CLIMATE-AND-WEATHER-El-Nino">
					<gml:description>CLIMATE AND WEATHER El Nino</gml:description>
					<gml:identifier codeSpace="http://www.ga.gov.au/anzmeta/search">CLIMATE-AND-WEATHER-El-Nino</gml:identifier>
				</CodeDefinition>
			</codeEntry>
			<codeEntry>
				<CodeDefinition gml:id="CLIMATE-AND-WEATHER-Extreme-weather-events">
					<gml:description>CLIMATE AND WEATHER Extreme weather events</gml:description>
					<gml:identifier codeSpace="http://www.ga.gov.au/anzmeta/search">CLIMATE-AND-WEATHER-Extreme-weather-events</gml:identifier>
				</CodeDefinition>
			</codeEntry>
			<codeEntry>
				<CodeDefinition gml:id="CLIMATE-AND-WEATHER-Meteorology">
					<gml:description>CLIMATE AND WEATHER Meteorology</gml:description>
					<gml:identifier codeSpace="http://www.ga.gov.au/anzmeta/search">CLIMATE-AND-WEATHER-Meteorology</gml:identifier>
				</CodeDefinition>
			</codeEntry>
			<codeEntry>
				<CodeDefinition gml:id="CLIMATE-AND-WEATHER-Radiation">
					<gml:description>CLIMATE AND WEATHER Radiation</gml:description>
					<gml:identifier codeSpace="http://www.ga.gov.au/anzmeta/search">CLIMATE-AND-WEATHER-Radiation</gml:identifier>
				</CodeDefinition>
			</codeEntry>
			<codeEntry>
				<CodeDefinition gml:id="CLIMATE-AND-WEATHER-Rainfall">
					<gml:description>CLIMATE AND WEATHER Rainfall</gml:description>
					<gml:identifier codeSpace="http://www.ga.gov.au/anzmeta/search">CLIMATE-AND-WEATHER-Rainfall</gml:identifier>
				</CodeDefinition>
			</codeEntry>
			<codeEntry>
				<CodeDefinition gml:id="CLIMATE-AND-WEATHER-Temperature">
					<gml:description>CLIMATE AND WEATHER Temperature</gml:description>
					<gml:identifier codeSpace="http://www.ga.gov.au/anzmeta/search">CLIMATE-AND-WEATHER-Temperature</gml:identifier>
				</CodeDefinition>
			</codeEntry>
			<codeEntry>
				<CodeDefinition gml:id="DEMOGRAPHY">
					<gml:description>DEMOGRAPHY non-specific</gml:description>
					<gml:identifier codeSpace="http://www.ga.gov.au/anzmeta/search">DEMOGRAPHY</gml:identifier>
				</CodeDefinition>
			</codeEntry>
			<codeEntry>
				<CodeDefinition gml:id="DISEASE">
					<gml:description>DISEASE non-specific</gml:description>
					<gml:identifier codeSpace="http://www.ga.gov.au/anzmeta/search">DISEASE</gml:identifier>
				</CodeDefinition>
			</codeEntry>
			<codeEntry>
				<CodeDefinition gml:id="ECOLOGY">
					<gml:description>ECOLOGY non-specific</gml:description>
					<gml:identifier codeSpace="http://www.ga.gov.au/anzmeta/search">ECOLOGY</gml:identifier>
				</CodeDefinition>
			</codeEntry>
			<codeEntry>
				<CodeDefinition gml:id="ECOLOGY-Community">
					<gml:description>ECOLOGY Community</gml:description>
					<gml:identifier codeSpace="http://www.ga.gov.au/anzmeta/search">ECOLOGY-Community</gml:identifier>
				</CodeDefinition>
			</codeEntry>
			<codeEntry>
				<CodeDefinition gml:id="ECOLOGY-Ecosystem">
					<gml:description>ECOLOGY Ecosystem</gml:description>
					<gml:identifier codeSpace="http://www.ga.gov.au/anzmeta/search">ECOLOGY-Ecosystem</gml:identifier>
				</CodeDefinition>
			</codeEntry>
			<codeEntry>
				<CodeDefinition gml:id="ECOLOGY-Habitat">
					<gml:description>ECOLOGY Habitat</gml:description>
					<gml:identifier codeSpace="http://www.ga.gov.au/anzmeta/search">ECOLOGY-Habitat</gml:identifier>
				</CodeDefinition>
			</codeEntry>
			<codeEntry>
				<CodeDefinition gml:id="ECOLOGY-Landscape">
					<gml:description>ECOLOGY Landscape</gml:description>
					<gml:identifier codeSpace="http://www.ga.gov.au/anzmeta/search">ECOLOGY-Landscape</gml:identifier>
				</CodeDefinition>
			</codeEntry>
			<codeEntry>
				<CodeDefinition gml:id="ENERGY">
					<gml:description>ENERGY non-specific</gml:description>
					<gml:identifier codeSpace="http://www.ga.gov.au/anzmeta/search">ENERGY</gml:identifier>
				</CodeDefinition>
			</codeEntry>
			<codeEntry>
				<CodeDefinition gml:id="ENERGY-Coal">
					<gml:description>ENERGY Coal</gml:description>
					<gml:identifier codeSpace="http://www.ga.gov.au/anzmeta/search">ENERGY-Coal</gml:identifier>
				</CodeDefinition>
			</codeEntry>
			<codeEntry>
				<CodeDefinition gml:id="ENERGY-Electricity">
					<gml:description>ENERGY Electricity</gml:description>
					<gml:identifier codeSpace="http://www.ga.gov.au/anzmeta/search">ENERGY-Electricity</gml:identifier>
				</CodeDefinition>
			</codeEntry>
			<codeEntry>
				<CodeDefinition gml:id="ENERGY-Petroleum">
					<gml:description>ENERGY Petroleum</gml:description>
					<gml:identifier codeSpace="http://www.ga.gov.au/anzmeta/search">ENERGY-Petroleum</gml:identifier>
				</CodeDefinition>
			</codeEntry>
			<codeEntry>
				<CodeDefinition gml:id="ENERGY-Renewable">
					<gml:description>ENERGY Renewable</gml:description>
					<gml:identifier codeSpace="http://www.ga.gov.au/anzmeta/search">ENERGY-Renewable</gml:identifier>
				</CodeDefinition>
			</codeEntry>
			<codeEntry>
				<CodeDefinition gml:id="ENERGY-Use">
					<gml:description>ENERGY Use</gml:description>
					<gml:identifier codeSpace="http://www.ga.gov.au/anzmeta/search">ENERGY-Use</gml:identifier>
				</CodeDefinition>
			</codeEntry>
			<codeEntry>
				<CodeDefinition gml:id="FAUNA">
					<gml:description>FAUNA non-specific</gml:description>
					<gml:identifier codeSpace="http://www.ga.gov.au/anzmeta/search">FAUNA</gml:identifier>
				</CodeDefinition>
			</codeEntry>
			<codeEntry>
				<CodeDefinition gml:id="FAUNA-Exotic">
					<gml:description>FAUNA Exotic</gml:description>
					<gml:identifier codeSpace="http://www.ga.gov.au/anzmeta/search">FAUNA-Exotic</gml:identifier>
				</CodeDefinition>
			</codeEntry>
			<codeEntry>
				<CodeDefinition gml:id="FAUNA-Insects">
					<gml:description>FAUNA Insects</gml:description>
					<gml:identifier codeSpace="http://www.ga.gov.au/anzmeta/search">FAUNA-Insects</gml:identifier>
				</CodeDefinition>
			</codeEntry>
			<codeEntry>
				<CodeDefinition gml:id="FAUNA-Invertebrates">
					<gml:description>FAUNA Invertebrates</gml:description>
					<gml:identifier codeSpace="http://www.ga.gov.au/anzmeta/search">FAUNA-Invertebrates</gml:identifier>
				</CodeDefinition>
			</codeEntry>
			<codeEntry>
				<CodeDefinition gml:id="FAUNA-Native">
					<gml:description>FAUNA Native</gml:description>
					<gml:identifier codeSpace="http://www.ga.gov.au/anzmeta/search">FAUNA-Native</gml:identifier>
				</CodeDefinition>
			</codeEntry>
			<codeEntry>
				<CodeDefinition gml:id="FAUNA-Vertebrates">
					<gml:description>FAUNA Vertebrates</gml:description>
					<gml:identifier codeSpace="http://www.ga.gov.au/anzmeta/search">FAUNA-Vertebrates</gml:identifier>
				</CodeDefinition>
			</codeEntry>
			<codeEntry>
				<CodeDefinition gml:id="FISHERIES">
					<gml:description>FISHERIES non-specific</gml:description>
					<gml:identifier codeSpace="http://www.ga.gov.au/anzmeta/search">FISHERIES</gml:identifier>
				</CodeDefinition>
			</codeEntry>
			<codeEntry>
				<CodeDefinition gml:id="FISHERIES-Aquaculture">
					<gml:description>FISHERIES Aquaculture</gml:description>
					<gml:identifier codeSpace="http://www.ga.gov.au/anzmeta/search">FISHERIES-Aquaculture</gml:identifier>
				</CodeDefinition>
			</codeEntry>
			<codeEntry>
				<CodeDefinition gml:id="FISHERIES-Freshwater">
					<gml:description>FISHERIES Freshwater</gml:description>
					<gml:identifier codeSpace="http://www.ga.gov.au/anzmeta/search">FISHERIES-Freshwater</gml:identifier>
				</CodeDefinition>
			</codeEntry>
			<codeEntry>
				<CodeDefinition gml:id="FISHERIES-Marine">
					<gml:description>FISHERIES Marine</gml:description>
					<gml:identifier codeSpace="http://www.ga.gov.au/anzmeta/search">FISHERIES-Marine</gml:identifier>
				</CodeDefinition>
			</codeEntry>
			<codeEntry>
				<CodeDefinition gml:id="FISHERIES-Recreational">
					<gml:description>FISHERIES Recreational</gml:description>
					<gml:identifier codeSpace="http://www.ga.gov.au/anzmeta/search">FISHERIES-Recreational</gml:identifier>
				</CodeDefinition>
			</codeEntry>
			<codeEntry>
				<CodeDefinition gml:id="FLORA">
					<gml:description>FLORA non-specific</gml:description>
					<gml:identifier codeSpace="http://www.ga.gov.au/anzmeta/search">FLORA</gml:identifier>
				</CodeDefinition>
			</codeEntry>
			<codeEntry>
				<CodeDefinition gml:id="FLORA-Exotic">
					<gml:description>FLORA Exotic</gml:description>
					<gml:identifier codeSpace="http://www.ga.gov.au/anzmeta/search">FLORA-Exotic</gml:identifier>
				</CodeDefinition>
			</codeEntry>
			<codeEntry>
				<CodeDefinition gml:id="FLORA-Native">
					<gml:description>FLORA Native</gml:description>
					<gml:identifier codeSpace="http://www.ga.gov.au/anzmeta/search">FLORA-Native</gml:identifier>
				</CodeDefinition>
			</codeEntry>
			<codeEntry>
				<CodeDefinition gml:id="FORESTS">
					<gml:description>FORESTS non-specific</gml:description>
					<gml:identifier codeSpace="http://www.ga.gov.au/anzmeta/search">FORESTS</gml:identifier>
				</CodeDefinition>
			</codeEntry>
			<codeEntry>
				<CodeDefinition gml:id="FORESTS-Agriforestry">
					<gml:description>FORESTS Agriforestry</gml:description>
					<gml:identifier codeSpace="http://www.ga.gov.au/anzmeta/search">FORESTS-Agriforestry</gml:identifier>
				</CodeDefinition>
			</codeEntry>
			<codeEntry>
				<CodeDefinition gml:id="FORESTS-Natural">
					<gml:description>FORESTS Natural</gml:description>
					<gml:identifier codeSpace="http://www.ga.gov.au/anzmeta/search">FORESTS-Natural</gml:identifier>
				</CodeDefinition>
			</codeEntry>
			<codeEntry>
				<CodeDefinition gml:id="FORESTS-Plantation">
					<gml:description>FORESTS Plantation</gml:description>
					<gml:identifier codeSpace="http://www.ga.gov.au/anzmeta/search">FORESTS-Plantation</gml:identifier>
				</CodeDefinition>
			</codeEntry>
			<codeEntry>
				<CodeDefinition gml:id="GEOSCIENCES">
					<gml:description>GEOSCIENCES non-specific</gml:description>
					<gml:identifier codeSpace="http://www.ga.gov.au/anzmeta/search">GEOSCIENCES</gml:identifier>
				</CodeDefinition>
			</codeEntry>
			<codeEntry>
				<CodeDefinition gml:id="GEOSCIENCES-Geochemistry">
					<gml:description>GEOSCIENCES Geochemistry</gml:description>
					<gml:identifier codeSpace="http://www.ga.gov.au/anzmeta/search">GEOSCIENCES-Geochemistry</gml:identifier>
				</CodeDefinition>
			</codeEntry>
			<codeEntry>
				<CodeDefinition gml:id="GEOSCIENCES-Geology">
					<gml:description>GEOSCIENCES Geology</gml:description>
					<gml:identifier codeSpace="http://www.ga.gov.au/anzmeta/search">GEOSCIENCES-Geology</gml:identifier>
				</CodeDefinition>
			</codeEntry>
			<codeEntry>
				<CodeDefinition gml:id="GEOSCIENCES-Geomorphology">
					<gml:description>GEOSCIENCES Geomorphology</gml:description>
					<gml:identifier codeSpace="http://www.ga.gov.au/anzmeta/search">GEOSCIENCES-Geomorphology</gml:identifier>
				</CodeDefinition>
			</codeEntry>
			<codeEntry>
				<CodeDefinition gml:id="GEOSCIENCES-Geophysics">
					<gml:description>GEOSCIENCES Geophysics</gml:description>
					<gml:identifier codeSpace="http://www.ga.gov.au/anzmeta/search">GEOSCIENCES-Geophysics</gml:identifier>
				</CodeDefinition>
			</codeEntry>
			<codeEntry>
				<CodeDefinition gml:id="GEOSCIENCES-Hydrogeology">
					<gml:description>GEOSCIENCES Hydrogeology</gml:description>
					<gml:identifier codeSpace="http://www.ga.gov.au/anzmeta/search">GEOSCIENCES-Hydrogeology</gml:identifier>
				</CodeDefinition>
			</codeEntry>
			<codeEntry>
				<CodeDefinition gml:id="HAZARDS">
					<gml:description>HAZARDS non-specific</gml:description>
					<gml:identifier codeSpace="http://www.ga.gov.au/anzmeta/search">HAZARDS</gml:identifier>
				</CodeDefinition>
			</codeEntry>
			<codeEntry>
				<CodeDefinition gml:id="HAZARDS-Cyclones">
					<gml:description>HAZARDS Cyclones</gml:description>
					<gml:identifier codeSpace="http://www.ga.gov.au/anzmeta/search">HAZARDS-Cyclones</gml:identifier>
				</CodeDefinition>
			</codeEntry>
			<codeEntry>
				<CodeDefinition gml:id="HAZARDS-Drought">
					<gml:description>HAZARDS Drought</gml:description>
					<gml:identifier codeSpace="http://www.ga.gov.au/anzmeta/search">HAZARDS-Drought</gml:identifier>
				</CodeDefinition>
			</codeEntry>
			<codeEntry>
				<CodeDefinition gml:id="HAZARDS-Earthquake">
					<gml:description>HAZARDS Earthquake</gml:description>
					<gml:identifier codeSpace="http://www.ga.gov.au/anzmeta/search">HAZARDS-Earthquake</gml:identifier>
				</CodeDefinition>
			</codeEntry>
			<codeEntry>
				<CodeDefinition gml:id="HAZARDS-Fire">
					<gml:description>HAZARDS Fire</gml:description>
					<gml:identifier codeSpace="http://www.ga.gov.au/anzmeta/search">HAZARDS-Fire</gml:identifier>
				</CodeDefinition>
			</codeEntry>
			<codeEntry>
				<CodeDefinition gml:id="HAZARDS-Flood">
					<gml:description>HAZARDS Flood</gml:description>
					<gml:identifier codeSpace="http://www.ga.gov.au/anzmeta/search">HAZARDS-Flood</gml:identifier>
				</CodeDefinition>
			</codeEntry>
			<codeEntry>
				<CodeDefinition gml:id="HAZARDS-Landslip">
					<gml:description>HAZARDS Landslip</gml:description>
					<gml:identifier codeSpace="http://www.ga.gov.au/anzmeta/search">HAZARDS-Landslip</gml:identifier>
				</CodeDefinition>
			</codeEntry>
			<codeEntry>
				<CodeDefinition gml:id="HAZARDS-Manmade">
					<gml:description>HAZARDS Manmade</gml:description>
					<gml:identifier codeSpace="http://www.ga.gov.au/anzmeta/search">HAZARDS-Manmade</gml:identifier>
				</CodeDefinition>
			</codeEntry>
			<codeEntry>
				<CodeDefinition gml:id="HAZARDS-Pests">
					<gml:description>HAZARDS Pests</gml:description>
					<gml:identifier codeSpace="http://www.ga.gov.au/anzmeta/search">HAZARDS-Pests</gml:identifier>
				</CodeDefinition>
			</codeEntry>
			<codeEntry>
				<CodeDefinition gml:id="HAZARDS-Severe-local-storms">
					<gml:description>HAZARDS Severe local storms</gml:description>
					<gml:identifier codeSpace="http://www.ga.gov.au/anzmeta/search">HAZARDS-Severe-local-storms</gml:identifier>
				</CodeDefinition>
			</codeEntry>
			<codeEntry>
				<CodeDefinition gml:id="HAZARDS-Tsunamis">
					<gml:description>HAZARDS Tsunamis</gml:description>
					<gml:identifier codeSpace="http://www.ga.gov.au/anzmeta/search">HAZARDS-Tsunamis</gml:identifier>
				</CodeDefinition>
			</codeEntry>
			<codeEntry>
				<CodeDefinition gml:id="HEALTH">
					<gml:description>HEALTH non-specific</gml:description>
					<gml:identifier codeSpace="http://www.ga.gov.au/anzmeta/search">HEALTH</gml:identifier>
				</CodeDefinition>
			</codeEntry>
			<codeEntry>
				<CodeDefinition gml:id="HERITAGE">
					<gml:description>HERITAGE non-specific</gml:description>
					<gml:identifier codeSpace="http://www.ga.gov.au/anzmeta/search">HERITAGE</gml:identifier>
				</CodeDefinition>
			</codeEntry>
			<codeEntry>
				<CodeDefinition gml:id="HERITAGE-Aboriginal">
					<gml:description>HERITAGE Aboriginal</gml:description>
					<gml:identifier codeSpace="http://www.ga.gov.au/anzmeta/search">HERITAGE-Aboriginal</gml:identifier>
				</CodeDefinition>
			</codeEntry>
			<codeEntry>
				<CodeDefinition gml:id="HERITAGE-Architectural">
					<gml:description>HERITAGE Architectural</gml:description>
					<gml:identifier codeSpace="http://www.ga.gov.au/anzmeta/search">HERITAGE-Architectural</gml:identifier>
				</CodeDefinition>
			</codeEntry>
			<codeEntry>
				<CodeDefinition gml:id="HERITAGE-Natural">
					<gml:description>HERITAGE Natural</gml:description>
					<gml:identifier codeSpace="http://www.ga.gov.au/anzmeta/search">HERITAGE-Natural</gml:identifier>
				</CodeDefinition>
			</codeEntry>
			<codeEntry>
				<CodeDefinition gml:id="HERITAGE-World">
					<gml:description>HERITAGE World</gml:description>
					<gml:identifier codeSpace="http://www.ga.gov.au/anzmeta/search">HERITAGE-World</gml:identifier>
				</CodeDefinition>
			</codeEntry>
			<codeEntry>
				<CodeDefinition gml:id="HUMAN-ENVIRONMENT">
					<gml:description>HUMAN ENVIRONMENT</gml:description>
					<gml:identifier codeSpace="http://www.ga.gov.au/anzmeta/search">HUMAN-ENVIRONMENT</gml:identifier>
				</CodeDefinition>
			</codeEntry>
			<codeEntry>
				<CodeDefinition gml:id="HUMAN-ENVIRONMENT-Economics">
					<gml:description>HUMAN ENVIRONMENT Economics</gml:description>
					<gml:identifier codeSpace="http://www.ga.gov.au/anzmeta/search">HUMAN-ENVIRONMENT-Economics</gml:identifier>
				</CodeDefinition>
			</codeEntry>
			<codeEntry>
				<CodeDefinition gml:id="HUMAN-ENVIRONMENT-Housing">
					<gml:description>HUMAN ENVIRONMENT Housing</gml:description>
					<gml:identifier codeSpace="http://www.ga.gov.au/anzmeta/search">HUMAN-ENVIRONMENT-Housing</gml:identifier>
				</CodeDefinition>
			</codeEntry>
			<codeEntry>
				<CodeDefinition gml:id="HUMAN-ENVIRONMENT-Livability">
					<gml:description>HUMAN ENVIRONMENT Livability</gml:description>
					<gml:identifier codeSpace="http://www.ga.gov.au/anzmeta/search">HUMAN-ENVIRONMENT-Livability</gml:identifier>
				</CodeDefinition>
			</codeEntry>
			<codeEntry>
				<CodeDefinition gml:id="HUMAN-ENVIRONMENT-Planning">
					<gml:description>HUMAN ENVIRONMENT Planning</gml:description>
					<gml:identifier codeSpace="http://www.ga.gov.au/anzmeta/search">HUMAN-ENVIRONMENT-Planning</gml:identifier>
				</CodeDefinition>
			</codeEntry>
			<codeEntry>
				<CodeDefinition gml:id="HUMAN-ENVIRONMENT-Structures-and-Facilities">
					<gml:description>HUMAN ENVIRONMENT Structures and Facilities</gml:description>
					<gml:identifier codeSpace="http://www.ga.gov.au/anzmeta/search">HUMAN-ENVIRONMENT-Structures-and-Facilities</gml:identifier>
				</CodeDefinition>
			</codeEntry>
			<codeEntry>
				<CodeDefinition gml:id="HUMAN-ENVIRONMENT-Urban-Design">
					<gml:description>HUMAN ENVIRONMENT Urban Design</gml:description>
					<gml:identifier codeSpace="http://www.ga.gov.au/anzmeta/search">HUMAN-ENVIRONMENT-Urban-Design</gml:identifier>
				</CodeDefinition>
			</codeEntry>
			<codeEntry>
				<CodeDefinition gml:id="INDUSTRY">
					<gml:description>INDUSTRY non-specific</gml:description>
					<gml:identifier codeSpace="http://www.ga.gov.au/anzmeta/search">INDUSTRY</gml:identifier>
				</CodeDefinition>
			</codeEntry>
			<codeEntry>
				<CodeDefinition gml:id="INDUSTRY-Manufacturing">
					<gml:description>INDUSTRY Manufacturing</gml:description>
					<gml:identifier codeSpace="http://www.ga.gov.au/anzmeta/search">INDUSTRY-Manufacturing</gml:identifier>
				</CodeDefinition>
			</codeEntry>
			<codeEntry>
				<CodeDefinition gml:id="INDUSTRY-Mining">
					<gml:description>INDUSTRY Mining</gml:description>
					<gml:identifier codeSpace="http://www.ga.gov.au/anzmeta/search">INDUSTRY-Mining</gml:identifier>
				</CodeDefinition>
			</codeEntry>
			<codeEntry>
				<CodeDefinition gml:id="INDUSTRY-Other">
					<gml:description>INDUSTRY Other</gml:description>
					<gml:identifier codeSpace="http://www.ga.gov.au/anzmeta/search">INDUSTRY-Other</gml:identifier>
				</CodeDefinition>
			</codeEntry>
			<codeEntry>
				<CodeDefinition gml:id="INDUSTRY-Primary">
					<gml:description>INDUSTRY Primary</gml:description>
					<gml:identifier codeSpace="http://www.ga.gov.au/anzmeta/search">INDUSTRY-Primary</gml:identifier>
				</CodeDefinition>
			</codeEntry>
			<codeEntry>
				<CodeDefinition gml:id="INDUSTRY-Service">
					<gml:description>INDUSTRY Service</gml:description>
					<gml:identifier codeSpace="http://www.ga.gov.au/anzmeta/search">INDUSTRY-Service</gml:identifier>
				</CodeDefinition>
			</codeEntry>
			<codeEntry>
				<CodeDefinition gml:id="LAND">
					<gml:description>LAND non-specific</gml:description>
					<gml:identifier codeSpace="http://www.ga.gov.au/anzmeta/search">LAND</gml:identifier>
				</CodeDefinition>
			</codeEntry>
			<codeEntry>
				<CodeDefinition gml:id="LAND-Cadastre">
					<gml:description>LAND Cadastre</gml:description>
					<gml:identifier codeSpace="http://www.ga.gov.au/anzmeta/search">LAND-Cadastre</gml:identifier>
				</CodeDefinition>
			</codeEntry>
			<codeEntry>
				<CodeDefinition gml:id="LAND-Cover">
					<gml:description>LAND Cover</gml:description>
					<gml:identifier codeSpace="http://www.ga.gov.au/anzmeta/search">LAND-Cover</gml:identifier>
				</CodeDefinition>
			</codeEntry>
			<codeEntry>
				<CodeDefinition gml:id="LAND-Geodesy">
					<gml:description>LAND Geodesy</gml:description>
					<gml:identifier codeSpace="http://www.ga.gov.au/anzmeta/search">LAND-Geodesy</gml:identifier>
				</CodeDefinition>
			</codeEntry>
			<codeEntry>
				<CodeDefinition gml:id="LAND-Geography">
					<gml:description>LAND Geography</gml:description>
					<gml:identifier codeSpace="http://www.ga.gov.au/anzmeta/search">LAND-Geography</gml:identifier>
				</CodeDefinition>
			</codeEntry>
			<codeEntry>
				<CodeDefinition gml:id="LAND-Ownership">
					<gml:description>LAND Ownership</gml:description>
					<gml:identifier codeSpace="http://www.ga.gov.au/anzmeta/search">LAND-Ownership</gml:identifier>
				</CodeDefinition>
			</codeEntry>
			<codeEntry>
				<CodeDefinition gml:id="LAND-Topography">
					<gml:description>LAND Topography</gml:description>
					<gml:identifier codeSpace="http://www.ga.gov.au/anzmeta/search">LAND-Topography</gml:identifier>
				</CodeDefinition>
			</codeEntry>
			<codeEntry>
				<CodeDefinition gml:id="LAND-Use">
					<gml:description>LAND Use</gml:description>
					<gml:identifier codeSpace="http://www.ga.gov.au/anzmeta/search">LAND-Use</gml:identifier>
				</CodeDefinition>
			</codeEntry>
			<codeEntry>
				<CodeDefinition gml:id="LAND-Valuation">
					<gml:description>LAND Valuation</gml:description>
					<gml:identifier codeSpace="http://www.ga.gov.au/anzmeta/search">LAND-Valuation</gml:identifier>
				</CodeDefinition>
			</codeEntry>
			<codeEntry>
				<CodeDefinition gml:id="MARINE">
					<gml:description>MARINE non-specific</gml:description>
					<gml:identifier codeSpace="http://www.ga.gov.au/anzmeta/search">MARINE</gml:identifier>
				</CodeDefinition>
			</codeEntry>
			<codeEntry>
				<CodeDefinition gml:id="MARINE-Biology">
					<gml:description>MARINE Biology</gml:description>
					<gml:identifier codeSpace="http://www.ga.gov.au/anzmeta/search">MARINE-Biology</gml:identifier>
				</CodeDefinition>
			</codeEntry>
			<codeEntry>
				<CodeDefinition gml:id="MARINE-Coasts">
					<gml:description>MARINE Coasts</gml:description>
					<gml:identifier codeSpace="http://www.ga.gov.au/anzmeta/search">MARINE-Coasts</gml:identifier>
				</CodeDefinition>
			</codeEntry>
			<codeEntry>
				<CodeDefinition gml:id="MARINE-Estuaries">
					<gml:description>MARINE Estuaries</gml:description>
					<gml:identifier codeSpace="http://www.ga.gov.au/anzmeta/search">MARINE-Estuaries</gml:identifier>
				</CodeDefinition>
			</codeEntry>
			<codeEntry>
				<CodeDefinition gml:id="MARINE-Geology-and-Geophysics">
					<gml:description>MARINE Geology and Geophysics</gml:description>
					<gml:identifier codeSpace="http://www.ga.gov.au/anzmeta/search">MARINE-Geology-and-Geophysics</gml:identifier>
				</CodeDefinition>
			</codeEntry>
			<codeEntry>
				<CodeDefinition gml:id="MARINE-Human-Impacts">
					<gml:description>MARINE Human Impacts</gml:description>
					<gml:identifier codeSpace="http://www.ga.gov.au/anzmeta/search">MARINE-Human-Impacts</gml:identifier>
				</CodeDefinition>
			</codeEntry>
			<codeEntry>
				<CodeDefinition gml:id="MARINE-Meteorology">
					<gml:description>MARINE Meteorology</gml:description>
					<gml:identifier codeSpace="http://www.ga.gov.au/anzmeta/search">MARINE-Meteorology</gml:identifier>
				</CodeDefinition>
			</codeEntry>
			<codeEntry>
				<CodeDefinition gml:id="MARINE-Reefs">
					<gml:description>MARINE Reefs</gml:description>
					<gml:identifier codeSpace="http://www.ga.gov.au/anzmeta/search">MARINE-Reefs</gml:identifier>
				</CodeDefinition>
			</codeEntry>
			<codeEntry>
				<CodeDefinition gml:id="MINERALS">
					<gml:description>MINERALS non-specific</gml:description>
					<gml:identifier codeSpace="http://www.ga.gov.au/anzmeta/search">MINERALS</gml:identifier>
				</CodeDefinition>
			</codeEntry>
			<codeEntry>
				<CodeDefinition gml:id="MOLECULAR-BIOLOGY">
					<gml:description>MOLECULAR BIOLOGY</gml:description>
					<gml:identifier codeSpace="http://www.ga.gov.au/anzmeta/search">MOLECULAR-BIOLOGY</gml:identifier>
				</CodeDefinition>
			</codeEntry>
			<codeEntry>
				<CodeDefinition gml:id="MOLECULAR-BIOLOGY-Genetics">
					<gml:description>MOLECULAR BIOLOGY Genetics</gml:description>
					<gml:identifier codeSpace="http://www.ga.gov.au/anzmeta/search">MOLECULAR-BIOLOGY-Genetics</gml:identifier>
				</CodeDefinition>
			</codeEntry>
			<codeEntry>
				<CodeDefinition gml:id="OCEANOGRAPHY">
					<gml:description>OCEANOGRAPHY non-specific</gml:description>
					<gml:identifier codeSpace="http://www.ga.gov.au/anzmeta/search">OCEANOGRAPHY</gml:identifier>
				</CodeDefinition>
			</codeEntry>
			<codeEntry>
				<CodeDefinition gml:id="OCEANOGRAPHY-Chemical">
					<gml:description>OCEANOGRAPHY Chemical</gml:description>
					<gml:identifier codeSpace="http://www.ga.gov.au/anzmeta/search">OCEANOGRAPHY-Chemical</gml:identifier>
				</CodeDefinition>
			</codeEntry>
			<codeEntry>
				<CodeDefinition gml:id="OCEANOGRAPHY-Physical">
					<gml:description>OCEANOGRAPHY Physical</gml:description>
					<gml:identifier codeSpace="http://www.ga.gov.au/anzmeta/search">OCEANOGRAPHY-Physical</gml:identifier>
				</CodeDefinition>
			</codeEntry>
			<codeEntry>
				<CodeDefinition gml:id="PHOTOGRAPHY-AND-IMAGERY">
					<gml:description>PHOTOGRAPHY AND IMAGERY</gml:description>
					<gml:identifier codeSpace="http://www.ga.gov.au/anzmeta/search">PHOTOGRAPHY-AND-IMAGERY</gml:identifier>
				</CodeDefinition>
			</codeEntry>
			<codeEntry>
				<CodeDefinition gml:id="PHOTOGRAPHY-AND-IMAGERY-Aerial">
					<gml:description>PHOTOGRAPHY AND IMAGERY Aerial</gml:description>
					<gml:identifier codeSpace="http://www.ga.gov.au/anzmeta/search">PHOTOGRAPHY-AND-IMAGERY-Aerial</gml:identifier>
				</CodeDefinition>
			</codeEntry>
			<codeEntry>
				<CodeDefinition gml:id="PHOTOGRAPHY-AND-IMAGERY-Remote-Sensing">
					<gml:description>PHOTOGRAPHY AND IMAGERY Remote Sensing</gml:description>
					<gml:identifier codeSpace="http://www.ga.gov.au/anzmeta/search">PHOTOGRAPHY-AND-IMAGERY-Remote-Sensing</gml:identifier>
				</CodeDefinition>
			</codeEntry>
			<codeEntry>
				<CodeDefinition gml:id="PHOTOGRAPHY-AND-IMAGERY-Satellite">
					<gml:description>PHOTOGRAPHY AND IMAGERY Satellite</gml:description>
					<gml:identifier codeSpace="http://www.ga.gov.au/anzmeta/search">PHOTOGRAPHY-AND-IMAGERY-Satellite</gml:identifier>
				</CodeDefinition>
			</codeEntry>
			<codeEntry>
				<CodeDefinition gml:id="POLLUTION">
					<gml:description>POLLUTION non-specific</gml:description>
					<gml:identifier codeSpace="http://www.ga.gov.au/anzmeta/search">POLLUTION</gml:identifier>
				</CodeDefinition>
			</codeEntry>
			<codeEntry>
				<CodeDefinition gml:id="POLLUTION-Air">
					<gml:description>POLLUTION Air</gml:description>
					<gml:identifier codeSpace="http://www.ga.gov.au/anzmeta/search">POLLUTION-Air</gml:identifier>
				</CodeDefinition>
			</codeEntry>
			<codeEntry>
				<CodeDefinition gml:id="POLLUTION-Noise">
					<gml:description>POLLUTION Noise</gml:description>
					<gml:identifier codeSpace="http://www.ga.gov.au/anzmeta/search">POLLUTION-Noise</gml:identifier>
				</CodeDefinition>
			</codeEntry>
			<codeEntry>
				<CodeDefinition gml:id="POLLUTION-Soil">
					<gml:description>POLLUTION Soil</gml:description>
					<gml:identifier codeSpace="http://www.ga.gov.au/anzmeta/search">POLLUTION-Soil</gml:identifier>
				</CodeDefinition>
			</codeEntry>
			<codeEntry>
				<CodeDefinition gml:id="POLLUTION-Water">
					<gml:description>POLLUTION Water</gml:description>
					<gml:identifier codeSpace="http://www.ga.gov.au/anzmeta/search">POLLUTION-Water</gml:identifier>
				</CodeDefinition>
			</codeEntry>
			<codeEntry>
				<CodeDefinition gml:id="SOIL">
					<gml:description>SOIL non-specific</gml:description>
					<gml:identifier codeSpace="http://www.ga.gov.au/anzmeta/search">SOIL</gml:identifier>
				</CodeDefinition>
			</codeEntry>
			<codeEntry>
				<CodeDefinition gml:id="SOIL-Biology">
					<gml:description>SOIL Biology</gml:description>
					<gml:identifier codeSpace="http://www.ga.gov.au/anzmeta/search">SOIL-Biology</gml:identifier>
				</CodeDefinition>
			</codeEntry>
			<codeEntry>
				<CodeDefinition gml:id="SOIL-Chemistry">
					<gml:description>SOIL Chemistry</gml:description>
					<gml:identifier codeSpace="http://www.ga.gov.au/anzmeta/search">SOIL-Chemistry</gml:identifier>
				</CodeDefinition>
			</codeEntry>
			<codeEntry>
				<CodeDefinition gml:id="SOIL-Erosion">
					<gml:description>SOIL Erosion</gml:description>
					<gml:identifier codeSpace="http://www.ga.gov.au/anzmeta/search">SOIL-Erosion</gml:identifier>
				</CodeDefinition>
			</codeEntry>
			<codeEntry>
				<CodeDefinition gml:id="SOIL-Physics">
					<gml:description>SOIL Physics</gml:description>
					<gml:identifier codeSpace="http://www.ga.gov.au/anzmeta/search">SOIL-Physics</gml:identifier>
				</CodeDefinition>
			</codeEntry>
			<codeEntry>
				<CodeDefinition gml:id="TRANSPORTATION">
					<gml:description>TRANSPORTATION non-specific</gml:description>
					<gml:identifier codeSpace="http://www.ga.gov.au/anzmeta/search">TRANSPORTATION</gml:identifier>
				</CodeDefinition>
			</codeEntry>
			<codeEntry>
				<CodeDefinition gml:id="TRANSPORTATION-Air">
					<gml:description>TRANSPORTATION Air</gml:description>
					<gml:identifier codeSpace="http://www.ga.gov.au/anzmeta/search">TRANSPORTATION-Air</gml:identifier>
				</CodeDefinition>
			</codeEntry>
			<codeEntry>
				<CodeDefinition gml:id="TRANSPORTATION-Land">
					<gml:description>TRANSPORTATION Land</gml:description>
					<gml:identifier codeSpace="http://www.ga.gov.au/anzmeta/search">TRANSPORTATION-Land</gml:identifier>
				</CodeDefinition>
			</codeEntry>
			<codeEntry>
				<CodeDefinition gml:id="TRANSPORTATION-Marine">
					<gml:description>TRANSPORTATION Marine</gml:description>
					<gml:identifier codeSpace="http://www.ga.gov.au/anzmeta/search">TRANSPORTATION-Marine</gml:identifier>
				</CodeDefinition>
			</codeEntry>
			<codeEntry>
				<CodeDefinition gml:id="UTILITIES">
					<gml:description>UTILITIES non-specific</gml:description>
					<gml:identifier codeSpace="http://www.ga.gov.au/anzmeta/search">UTILITIES</gml:identifier>
				</CodeDefinition>
			</codeEntry>
			<codeEntry>
				<CodeDefinition gml:id="VEGETATION">
					<gml:description>VEGETATION non-specific</gml:description>
					<gml:identifier codeSpace="http://www.ga.gov.au/anzmeta/search">VEGETATION</gml:identifier>
				</CodeDefinition>
			</codeEntry>
			<codeEntry>
				<CodeDefinition gml:id="VEGETATION-Floristic">
					<gml:description>VEGETATION Floristic</gml:description>
					<gml:identifier codeSpace="http://www.ga.gov.au/anzmeta/search">VEGETATION-Floristic</gml:identifier>
				</CodeDefinition>
			</codeEntry>
			<codeEntry>
				<CodeDefinition gml:id="VEGETATION-Structural">
					<gml:description>VEGETATION Structural</gml:description>
					<gml:identifier codeSpace="http://www.ga.gov.au/anzmeta/search">VEGETATION-Structural</gml:identifier>
				</CodeDefinition>
			</codeEntry>
			<codeEntry>
				<CodeDefinition gml:id="WASTE">
					<gml:description>WASTE non-specific</gml:description>
					<gml:identifier codeSpace="http://www.ga.gov.au/anzmeta/search">WASTE</gml:identifier>
				</CodeDefinition>
			</codeEntry>
			<codeEntry>
				<CodeDefinition gml:id="WASTE-Greenhouse-gas">
					<gml:description>WASTE Greenhouse gas</gml:description>
					<gml:identifier codeSpace="http://www.ga.gov.au/anzmeta/search">WASTE-Greenhouse-gas</gml:identifier>
				</CodeDefinition>
			</codeEntry>
			<codeEntry>
				<CodeDefinition gml:id="WASTE-Heat">
					<gml:description>WASTE Heat</gml:description>
					<gml:identifier codeSpace="http://www.ga.gov.au/anzmeta/search">WASTE-Heat</gml:identifier>
				</CodeDefinition>
			</codeEntry>
			<codeEntry>
				<CodeDefinition gml:id="WASTE-Liquid">
					<gml:description>WASTE Liquid</gml:description>
					<gml:identifier codeSpace="http://www.ga.gov.au/anzmeta/search">WASTE-Liquid</gml:identifier>
				</CodeDefinition>
			</codeEntry>
			<codeEntry>
				<CodeDefinition gml:id="WASTE-Sewage">
					<gml:description>WASTE Sewage</gml:description>
					<gml:identifier codeSpace="http://www.ga.gov.au/anzmeta/search">WASTE-Sewage</gml:identifier>
				</CodeDefinition>
			</codeEntry>
			<codeEntry>
				<CodeDefinition gml:id="WASTE-Solid">
					<gml:description>WASTE Solid</gml:description>
					<gml:identifier codeSpace="http://www.ga.gov.au/anzmeta/search">WASTE-Solid</gml:identifier>
				</CodeDefinition>
			</codeEntry>
			<codeEntry>
				<CodeDefinition gml:id="WASTE-Toxic">
					<gml:description>WASTE Toxic</gml:description>
					<gml:identifier codeSpace="http://www.ga.gov.au/anzmeta/search">WASTE-Toxic</gml:identifier>
				</CodeDefinition>
			</codeEntry>
			<codeEntry>
				<CodeDefinition gml:id="WATER">
					<gml:description>WATER non-specific</gml:description>
					<gml:identifier codeSpace="http://www.ga.gov.au/anzmeta/search">WATER</gml:identifier>
				</CodeDefinition>
			</codeEntry>
			<codeEntry>
				<CodeDefinition gml:id="WATER-Groundwater">
					<gml:description>WATER Groundwater</gml:description>
					<gml:identifier codeSpace="http://www.ga.gov.au/anzmeta/search">WATER-Groundwater</gml:identifier>
				</CodeDefinition>
			</codeEntry>
			<codeEntry>
				<CodeDefinition gml:id="WATER-Hydrochemistry">
					<gml:description>WATER Hydrochemistry</gml:description>
					<gml:identifier codeSpace="http://www.ga.gov.au/anzmeta/search">WATER-Hydrochemistry</gml:identifier>
				</CodeDefinition>
			</codeEntry>
			<codeEntry>
				<CodeDefinition gml:id="WATER-Hydrology">
					<gml:description>WATER Hydrology</gml:description>
					<gml:identifier codeSpace="http://www.ga.gov.au/anzmeta/search">WATER-Hydrology</gml:identifier>
				</CodeDefinition>
			</codeEntry>
			<codeEntry>
				<CodeDefinition gml:id="WATER-Lakes">
					<gml:description>WATER Lakes</gml:description>
					<gml:identifier codeSpace="http://www.ga.gov.au/anzmeta/search">WATER-Lakes</gml:identifier>
				</CodeDefinition>
			</codeEntry>
			<codeEntry>
				<CodeDefinition gml:id="WATER-Quality">
					<gml:description>WATER Quality</gml:description>
					<gml:identifier codeSpace="http://www.ga.gov.au/anzmeta/search">WATER-Quality</gml:identifier>
				</CodeDefinition>
			</codeEntry>
			<codeEntry>
				<CodeDefinition gml:id="WATER-Rivers">
					<gml:description>WATER Rivers</gml:description>
					<gml:identifier codeSpace="http://www.ga.gov.au/anzmeta/search">WATER-Rivers</gml:identifier>
				</CodeDefinition>
			</codeEntry>
			<codeEntry>
				<CodeDefinition gml:id="WATER-Salinity">
					<gml:description>WATER Salinity</gml:description>
					<gml:identifier codeSpace="http://www.ga.gov.au/anzmeta/search">WATER-Salinity</gml:identifier>
				</CodeDefinition>
			</codeEntry>
			<codeEntry>
				<CodeDefinition gml:id="WATER-Supply">
					<gml:description>WATER Supply</gml:description>
					<gml:identifier codeSpace="http://www.ga.gov.au/anzmeta/search">WATER-Supply</gml:identifier>
				</CodeDefinition>
			</codeEntry>
			<codeEntry>
				<CodeDefinition gml:id="WATER-Surface">
					<gml:description>WATER Surface</gml:description>
					<gml:identifier codeSpace="http://www.ga.gov.au/anzmeta/search">WATER-Surface</gml:identifier>
				</CodeDefinition>
			</codeEntry>
			<codeEntry>
				<CodeDefinition gml:id="WATER-Wetlands">
					<gml:description>WATER Wetlands</gml:description>
					<gml:identifier codeSpace="http://www.ga.gov.au/anzmeta/search">WATER-Wetlands</gml:identifier>
				</CodeDefinition>
			</codeEntry>
		</CodeListDictionary>
	</codelistItem>
</CT_CodelistCatalogue>
