<?xml version="1.0" encoding="UTF-8"?>

<labels xmlns:gmd="http://www.isotc211.org/2005/gmd" 
		  xmlns:gts="http://www.isotc211.org/2005/gts" 
		  xmlns:gco="http://www.isotc211.org/2005/gco"
		  xmlns:gml="http://www.opengis.net/gml"
			xmlns:mcp="http://bluenet3.antcrc.utas.edu.au/mcp"
			xmlns:srv="http://www.isotc211.org/2005/srv">
	
	<!-- ==================================================== -->
	<element name="mcp:MD_Metadata">
		<label>Metadata (MCP)</label>
		<description>root entity which defines metadata about a resource or resources</description>
	</element>
	<!-- ==================================================== -->
	<element name="mcp:MD_DataIdentification">
		<label>Data identification (MCP)</label>
		<description>information required to identify an Australian Marine Community Profile dataset (Australian Marine Community Profile extension to ISO19115/19139)</description>
	</element>
	<!-- ==================================================== -->
	<element name="mcp:currency">
		<label>Temporal Currency</label>
		<description>Describes the temporal currency of the resource (Australian Marine Community Profile extension to ISO19115/19139)</description>
	</element>
	<!-- ==================================================== -->
	<element name="mcp:revisionDate">
		<label>Revision Date</label>
		<description>Date the metadata was last revised (Australian Marine Community Profile extension to ISO19115/19139)</description>
	</element>
	<!-- ==================================================== -->
	<element name="mcp:samplingFrequency">
		<label>Sampling Frequency</label>
		<description>To describe the frequency of the sampled resource (Australian Marine Community Profile extension to ISO19115/19139)</description>
	</element>
	<!-- ==================================================== -->
	<element name="mcp:temporalAggregation">
		<label>Temporal Aggregation</label>
		<description>Describes the temporal aggregation of the resource (Australian Marine Community Profile extension to ISO19115/19139)</description>
	</element>
	<!-- ==================================================== -->
	<element name="mcp:EX_TemporalExtent">
		<label>Temporal Extent (MCP)</label>
		<description>time period covered by the content of the dataset</description>
	</element>
	<!-- ==================================================== -->
	<element name="mcp:beginTime">
		<label>Begin Time</label>
		<description>start of time period covered by the dataset (deprecated - use gml: elements in the extent element instead)</description>
	</element>
	<!-- ==================================================== -->
	<element name="mcp:endTime">
		<label>End Time</label>
		<description>end of time period covered by the dataset (deprecated - use gml: elements in the extent element instead)</description>
	</element>
	<!-- ==================================================== -->
	<element name="mcp:dataParameters">
		<label>Data Parameters</label>
		<description>Describes the Parameters or variables included in dataset</description>
	</element>
	<!-- ==================================================== -->
	<element name="mcp:dataParameter">
		<label>Data Parameter Info</label>
		<description>Details about a specific Parameter, including he various names and labels used for that parameter; the unit-of-measurement (UOM) used; the minimum and maximum values measured in the dataset, and a description of the parameter the definitions of the parameters information</description>
	</element>
	<!-- ==================================================== -->
	<element name="mcp:parameterName">
		<label>Parameter Name</label>
		<description>Specific Parameter's name or label.  Details include whether this is a shortname, longname, code or "other".  It also the details of a vocabulary list (if one is known) that the label or name belongs to, and the label's definition</description>
	</element>
	<!-- ==================================================== -->
	<element name="mcp:name">
		<label>Name</label>
		<description>Name of Parameter or Unit of Measurement (UOM) depending on parent</description>
	</element>
	<!-- ==================================================== -->
	<element name="mcp:type">
		<label>Type</label>
		<description>Type of Name - typically: long, short, code or other</description>
	</element>
	<!-- ==================================================== -->
	<element name="mcp:usedInDataset">
		<label>Used in dataset?</label>
		<description>Specific Parameter or UOM name being discussed in this element</description>
	</element>
	<!-- ==================================================== -->
	<element name="mcp:vocabularyListURL">
		<label>Names VocabularyList URL</label>
		<description>Version of the parameter vocabulary list that includes and defines this name;   Only use this, if the name actually is defined in a parameter or "UOM" vocabulary list that is available from the web</description>
	</element>
	<!-- ==================================================== -->
	<element name="mcp:vocabularyListVersion">
		<label>Names VocabularyList Version</label>
		<description>Version of the parameter vocabulary list that includes and defines this name;</description>
	</element>
	<!-- ==================================================== -->
	<element name="mcp:vocabularyListAuthority">
		<label>Names VocabularyList Authority</label>
		<description>Authority usually means a body or organisation regulating a vocabulary list.  Use this field if the shortname or longname or param-code are defined in a parameter or "UOM" vocabulary list that is defined, maintained or regulated by a particular body or organisation</description>
	</element>
	<!-- ==================================================== -->
	<element name="mcp:parameterMinimumValue">
		<label>Min.Value in dataset</label>
		<description>Minimum value measured - for this parameter, within this dataset</description>
	</element>
	<!-- ==================================================== -->
	<element name="mcp:parameterMaximumValue">
		<label>Max.Value in dataset</label>
		<description>Maximum value measured - for this parameter, within this dataset</description>
	</element>
	<!-- ==================================================== -->
	<element name="mcp:parameterDescription">
		<label>Parameter Description</label>
		<description>Description of Param</description>
	</element>
	<!-- ==================================================== -->
	<element name="mcp:localDefinition">
		<label>Local definition</label>
		<description>Local definition of Param or UOM; Used where an external vocabulary hasn't been used, or where an external vocab's definition is insufficient</description>
	</element>
	<!-- ==================================================== -->
	<element name="mcp:parameterUnits">
		<label>Parameter unit of measurement</label>
		<description><p>Includes names and labels for the UOM, as well as details of vocabulary Lists that include the label, and defnitions.</p>
             <p>This can be a standard UOM such as SI units; or might be a relative/local measurement. An example of the latter is:</p>
<li>
	<ul>PARAM name: field-based surface turbidity measure;</ul>
	<ul>PARAM defn:   visibility test taken at 1,3 aand 5 feet below surface;</ul>
	<ul>PARAM UOM:   possible value range is 10-0, 0 means clear;</ul>
</li>
<p>Test involves visible detection of an item at 1, 3, and 5 feet, under the water surface.  The item placed under the water is a plate inscribed with a shape enclosing 4 dots; and that shape is of varying sizes.</p>
    </description>
	</element>
	<!-- ==================================================== -->
	<element name="mcp:MD_Commons">
		<label>Commons License</label>
		<description>Commons Constraints on metadata or resource eg. creative commons</description>
	</element>
	<!-- ==================================================== -->
	<element name="mcp:MD_CreativeCommons">
		<label>Creative Commons License (deprecated)</label>
		<description>Creative Commons License (deprecated)</description>
	</element>
	<!-- ==================================================== -->
	<element name="mcp:MD_DataCommons">
		<label>Data Commons License (deprecated)</label>
		<description>Data Commons License (deprecated)</description>
	</element>
	<!-- ==================================================== -->
	<element name="mcp:attributionConstraints">
		<label>Attribution Constraints</label>
		<description>
Describes how and when the resource should be attributed as well as who the
resource should be attributed to. For example: Jones, C, 3D Mining Data, 
International Journal of Mining, University Press, must be cited whenever this
data is referred to in a paper.
    </description>
	</element>
	<!-- ==================================================== -->
	<element name="mcp:derivativeConstraints">
		<label>Derivative Constraints</label>
		<description>
Describes the constraints on products that may be derived from this resource.
    </description>
	</element>
	<!-- ==================================================== -->
	<element name="mcp:commercialUseConstraints">
		<label>Commercial Use Constraints</label>
		<description>
Describes what the constraints are if you want to make use of this resource commercially.  
    </description>
	</element>
	<!-- ==================================================== -->
	<element name="mcp:collectiveWorksConstraints">
		<label>Collective Work Constraints </label>
		<description>
Describes what the constraints are if you wish to include this resource in a collective work.
    </description>
	</element>
	<!-- ==================================================== -->
	<element name="mcp:otherConstraints">
		<label>Other Constraints </label>
		<description>
Describes any constraints on using this resource that are not captured by the other constraint fields.
    </description>
	</element>
	<!-- ==================================================== -->
	<element name="mcp:taxonomicElement">
		<label>Taxonomic Element</label>
		<description>
Taxonomic Element is a container for the Taxonomic coverage of the resource.
    </description>
	</element>
	<!-- ==================================================== -->
	<element name="mcp:EX_TaxonomicCoverage">
		<label>Taxonomic Coverage</label>
		<description>
Taxonomic Coverage of the resource.
    </description>
	</element>
	<!-- ==================================================== -->
	<element name="mcp:taxonConcepts">
		<label>Link to Taxonomic Information</label>
		<description>
This is a link to an xml description of a species name (or higher level ranks) from one or more classification systems that is or is used in the resource. Supported at present are links to the Australian Plant Census/Database (APC/APD) and the Australian Fauna Database (AFD).
    </description>
	</element>
	<!-- ==================================================== -->
	<element name="mcp:presentationLink">
		<label>HTML presentation of Taxonomic Information</label>
		<description>
This is a link to an html description of a species name (or higher level ranks) from one or more classification systems that is or is used in the resource. Supported at present are links to the Australian Plant Census/Database (APC/APD) and the Australian Fauna Database (AFD).
    </description>
	</element>
	<!-- ==================================================== -->
	<element name="mcp:commonsType">
		<label>Commons License</label>
		<description>
Describes the type of commons license that describes the conditions of usage. Can be applied to metadata or resource.
    </description>
	</element>
	<!-- ==================================================== -->
	<element name="mcp:EX_Extent">
		<label>Extent</label>
		<description>Information about spatial, vertical, temporal and taxonomic extent</description>
	</element>
	<!-- ==================================================== -->
	
	
</labels>
