<?xml version="1.0" encoding="UTF-8"?>
<strings>
	<clear>Clear</clear>
	<contact>Contact</contact>
	<distributionOnlineInfo>Distribution and On-line Resource(s)</distributionOnlineInfo>
	<deprecatedTimeStrings>Deprecated - use time elements above</deprecatedTimeStrings>
	<lineage>Lineage</lineage>
	<metadataInfo>Metadata Info</metadataInfo>
	<referenceSystemInfo>Reference System Info</referenceSystemInfo>
	<spatialExtentTab>Spatial Extent</spatialExtentTab>
	<temporalExtentTab>Temporal Ext.</temporalExtentTab>

	<!-- creative and data commons - URLs etc -->
	<creativeCommonsLicense>Creative Commons License</creativeCommonsLicense>
	<creativeCommonsLicenseOptions>Creative Commons License Options</creativeCommonsLicenseOptions>
	<creativeCommonsLicenseSelector>Creative Commons License Selector</creativeCommonsLicenseSelector>
	<creativeCommonsUrl>http://creativecommons.org</creativeCommonsUrl>
	<currentLicense>Current License</currentLicense>
	<dataCommonsLicense>Data Commons License</dataCommonsLicense>
	<dataCommonsLicenseOptions>Data Commons License Options</dataCommonsLicenseOptions>
	<dataCommonsLicenseSelector>Data Commons License Selector</dataCommonsLicenseSelector>
	<dataCommonsUrl>http://bluenet.antcrc.utas.edu.au/datacommons</dataCommonsUrl>
	<iCreativeCommonsUrl>http://i.creativecommons.org</iCreativeCommonsUrl>
	<licenseSelector>License Selector</licenseSelector>
	<licenseSelectorJurisdiction>1. Select/Change the copyright jurisdiction</licenseSelectorJurisdiction>
	<licenseSelectorSelector>2. Select/Change the License</licenseSelectorSelector>

	<!-- form help strings -->
	<dataparamHelp>Click in the data parameter field to retrieve data parameters from the metadata</dataparamHelp>
	<keywordsHelp>Click in the keywords field to retrieve keywords from the metadata</keywordsHelp>
	<keywordsHelpRemote>Enter a keyword (Australian users of Marine data should use the Keyword MARINE to limit the remote search)</keywordsHelpRemote>
	<taxonHelp>Click in the taxonomic names field to retrieve taxonomic names from the metadata</taxonHelp>
	<!-- new strings - SP 2.5 -->
	<showRemoteHTML>Show HTML from remote server</showRemoteHTML>
	<acceptanceMessage>By pressing the Accept button below you are agreeing to abide by the constraints shown on this page</acceptanceMessage>
	<canBeViewed>Records published to these groups</canBeViewed>
	<cannotBeViewed>Records NOT published to these groups</cannotBeViewed>
	<credit>Credit</credit>
	<creditlink>Search for other records with this Credit</creditlink>

	<!-- logo management NB Not part of mcp but must be added -->
	<changeLogos>Change logo</changeLogos>
	<logo>Logo</logo>
	<logoManagement>Logo management</logoManagement>
	<logoManDes>Add/modify/delete and show alternate logos</logoManDes>
	<massiveChangeLogoTitle>Massive Change Logos Operation</massiveChangeLogoTitle>

	<!-- When copying metadata NB Not part of mcp but must be added -->
	<copyThumbnail>Copy thumbnails?</copyThumbnail>
	<copyResources>Copy downloadable files?</copyResources>

	<!-- other strings NB Not part of mcp but must be added -->
	<dataDownload>Data for Download</dataDownload>
	<datafordownload>Data for download</datafordownload>
	<dataparam>Data Parameter</dataparam>
	<displayRemoteHtml>Display remote html?</displayRemoteHtml>
	<editorViewer>Metadata Viewer/Editor</editorViewer>
	<editorInUse js="true">Editor is in use - 'Save and close' or 'Cancel' first</editorInUse>
	<downloadEmail>Download Email</downloadEmail>
	<extended>Show Advanced Search</extended>
	<externalButton>Take me to the MEST Search Page</externalButton>
	<externalMessage>
		<h1>Welcome to the BlueNet MEST!</h1>
		<p>The search result shown below is just one search that can be run on the catalogue. To find out more follow this link:</p>
	</externalMessage>
	<link default="true">Link</link>
	<link protocol="WWW:LINK-1.0-http--downloaddata">Data Link</link>
	<metadataBadResponse1> - ERROR: Cannot understand the response received from the remote server</metadataBadResponse1> 
	<metadataBadResponse2>Unable to show this record!</metadataBadResponse2>
	<messageDownload>Thanks for your interest. Click on the download button to retrieve the following file(s):</messageDownload>
	<noResourceConstraints>WARNING: NO Resource Constraints have been defined in the Metadata record - constraints on data usage have not been defined!</noResourceConstraints>
	<protocolChoice show="y" value="WWW:LINK-1.0-http--metadata-URL">Metadata URL</protocolChoice>
	<protocolChoice show="y" value="WWW:LINK-1.0-http--downloaddata">Data for download (URL)</protocolChoice>
	<protocolChoice show="y" value="WWW:LINK-1.0-http--samples">Showcase product (URL)</protocolChoice>
	<protocolChoice show="y" value="WWW:LINK-1.0-http--related">Related link (URL)</protocolChoice>
	<protocolChoice show="-" value="WWW:DOWNLOAD-1.0-http--downloadother">Other File for download</protocolChoice>
	<protocolChoice show="-" value="WWW:DOWNLOAD-1.0-ftp--downloaddata">Data File for download through FTP</protocolChoice>
	<protocolChoice show="-" value="WWW:DOWNLOAD-1.0-ftp--downloadother">Other File for download through FTP</protocolChoice>
	<rangeSeparator>to</rangeSeparator>
	<regionLong>The bounding box of the resource</regionLong>
	<regionLong2>the bounding box of</regionLong2>
	<regionLong3>shown below:</regionLong3>
	<registrationInformation>Enter registration information</registrationInformation>
	<registrationIdentification>Enter registration details</registrationIdentification>
	<registrationNotFound js="true">No user found with that username, password and/or email</registrationNotFound>
	<registered>Yes</registered>
	<notRegistered>No</notRegistered>
	<orEmail>or Email</orEmail>
	<registrationStatus>Are you already registered?</registrationStatus>
	<usernameMandatory js="true">Please enter a username</usernameMandatory> 
	<passwordOrEmail js="true">Please enter the password or email address for this user</passwordOrEmail>
	<emailAddressInvalid js="true">Please enter a valid email address</emailAddressInvalid>
	<siblingidentifierlink>Show Sibling records</siblingidentifierlink>
	<simpleRegTitle>Tell us about yourself...</simpleRegTitle>
	<simpleMetadataTitle js="true">I want to make my data available...</simpleMetadataTitle>
	<simpleMetadataMandatoryFields js="true">Please fill in the Individual Name, Organisation Name, Delivery Point, State, Postcode, Country, Email, Title and Abstract</simpleMetadataMandatoryFields>
	<simpleMetadataDepositorEmailInvalid js="true">Email address of individual providing data/metadata is invalid</simpleMetadataDepositorEmailInvalid>
	<simpleMetadataDSEmailInvalid js="true">Email address of contact for Data Set is invalid</simpleMetadataDSEmailInvalid>
	<submitSimpleRegistration>Next</submitSimpleRegistration>
	<registerTitle>Self-Registration Form</registerTitle>
	<registrationDetails>Key registration details entered: </registrationDetails>
	<remoteType default="true">Remote</remoteType>
	<taxon>Taxonomic Names</taxon>
	<temporalExtent>Time Span:</temporalExtent>
	<uuid>Universal Unique Identifier (UUID)</uuid>
	<xml_iso19139.mcp-1.4>Save this metadata as an ISO19139 Marine Community Profile XML file</xml_iso19139.mcp-1.4>
	<xml_iso19139.mcp-1.4Torifcs>Save this metadata as an ANDS rifcs XML file</xml_iso19139.mcp-1.4Torifcs>
	<xml_iso19139.mcp-1.4Tooai_dc>Save this metadata as an OAI Dublin Core XML file</xml_iso19139.mcp-1.4Tooai_dc>

  <!-- New strings added for the AngularJS editor -->
  <!-- View and tabs -->
  <advanced>Full</advanced>
  <default>Simple</default>
  <simple>Simple</simple>
  <inspire>INSPIRE</inspire>
  <resource>Resource</resource>
  <xml>XML</xml>
  <metadata>Metadata</metadata>
  <identificationInfo>Identification</identificationInfo>
  <distributionInfo>Distribution</distributionInfo>
  <dataQualityInfo>Quality</dataQualityInfo>
  <spatialRepresentationInfo>Spatial rep.</spatialRepresentationInfo>
  <referenceSystemInfo>Ref. system</referenceSystemInfo>
  <contentInfo>Content</contentInfo>
  <portrayalCatalogueInfo>Portrayal</portrayalCatalogueInfo>
  <metadataConstraints>Md. constraints</metadataConstraints>
  <metadataMaintenance>Md. maintenance</metadataMaintenance>
  <applicationSchemaInfo>Schema info</applicationSchemaInfo>

  <!-- XSD error translation -->
  <invalidElement>Invalid element. Invalid content was found starting with element: </invalidElement>
  <onElementOf>One of the following elements </onElementOf>
  <isExpected> is expected.</isExpected>
  <isNotComplete> is not complete.</isNotComplete>
  <elementLocated>Parent element is </elementLocated>
  <missingElement>Missing element. The content of element: </missingElement>
  <invalidValue>Invalid or missing value.</invalidValue>
  <notValidFor> is not a valid value for </notValidFor>
  <xsdErrorIs>XSD error is: </xsdErrorIs>
  <inElement> in element </inElement>
  <enum1>Value </enum1>
  <enum2> is not valid for the field </enum2>
  <enum3>List of values is :</enum3>

  <!-- INSPIRE view labels and help -->
  <url>Online resource</url>
  <identifier>Resource identifier</identifier>
  <rsIdentifier>Projection</rsIdentifier>
  <referenceDate>Temporal information</referenceDate>
  <creationDate>Creation date</creationDate>
  <hierarchyLevel>Hierarchy level</hierarchyLevel>
  <publicationDate>Publication date</publicationDate>
  <revisionDate>Revision date</revisionDate>
  <temporalRangeSection>Temporal extent</temporalRangeSection>
  <beginPosition>Begin</beginPosition>
  <endPosition>End</endPosition>
	<conceptualConsistency>Quality: Logical Consistency</conceptualConsistency>
	<absoluteExternalPositionalAccuracy>Quality: Positional Accuracy</absoluteExternalPositionalAccuracy>
	<nonQuantitativeAttributeAccuracy>Quality: Attribute Accuracy</nonQuantitativeAttributeAccuracy>
	<completenessOmission>Quality: Completeness</completenessOmission>
  <conformity_title>Title</conformity_title>
  <conformity_date>Date</conformity_date>
  <explanation>Explanation</explanation>
  <pass>Pass</pass>
  <indeterminatePosition>Indeterminate position</indeterminatePosition>
  <pointOfContact>Contact for the resource</pointOfContact>
  <metadataPointOfContact>Contact for the metadata</metadataPointOfContact>
  <organisationName>Organisation name</organisationName>
  <electronicMailAddress>Email</electronicMailAddress>
  <role>Role</role>
  <encoding>Encoding</encoding>
  <inspireTheme>INSPIRE themes</inspireTheme>
  <format>Format</format>
  <format_version>Version</format_version>
  <spatialResolution>Spatial resolution (scale)</spatialResolution>
  <spatialDistance>Spatial resolution (distance)</spatialDistance>
  <accessConstraints>Access constraints</accessConstraints>
  <useLimitation>Use limitation</useLimitation>
  <notEvaluated>Not evaluated</notEvaluated>
  <add-resource-id>Compute resource identifier</add-resource-id>
  <add-resource-idHelp>Compose the resource identifier using the catalog URL and the metadata identifier (eg. http://www.organization.org/catalogue/5391bf69-44bc-4ea0-8cc0-6cf6c3bc81ae).</add-resource-idHelp>
  <add-extent-from-geokeywords>Compute extent from keyword</add-extent-from-geokeywords>
  <add-extent-from-geokeywordsHelp>Analyze each keyword of type place and add matching extent.</add-extent-from-geokeywordsHelp>
</strings>
