<?xml version="1.0" encoding="UTF-8"?>

<fields>
	<field name="gmd:contactInstructions">
		<suggest name="gco:CharacterString"/>
		<suggest name="gmx:FileName"/>
	</field>

	<field name="gmd:otherCitationDetails">
		<suggest name="gco:CharacterString"/>
		<suggest name="gmx:FileName"/>
		<suggest name="gmx:Anchor"/>
	</field> 

	<field name="gmd:code">
		<suggest name="gco:CharacterString"/>
		<suggest name="gmx:FileName"/>
		<suggest name="gmx:Anchor"/>
	</field>

	<!--
	<field name="gmd:keyword">
		<suggest name="gco:CharacterString"/>
		<suggest name="gmx:Anchor"/>
	</field>
	-->

	<field name="gmx:Anchor">
		<suggest name="xlink:href"/>
	</field>

	<field name="gmd:language">
		<suggest name="gco:CharacterString"/>
		<suggest name="gmd:LanguageCode"/>
	</field>

	<field name="gmx:FileName">
		<suggest name="src"/>
	</field>

	<field name="gmd:polygon">
		<suggest name="gml:Polygon"/>
	</field>

	<field name="gmd:CI_OnlineResource">
		<suggest name="gmd:protocol"/>
		<suggest name="gmd:name"/>
		<suggest name="gmd:description"/>
	</field>
	
	<field name="gmd:CI_ResponsibleParty">
		<suggest name="gmd:individualName"/>
		<suggest name="gmd:organisationName"/>
		<suggest name="gmd:positionName"/>
		<suggest name="gmd:contactInfo"/>
	</field>
	
	<field name="gmd:CI_Contact">
		<suggest name="gmd:phone"/>
		<suggest name="gmd:address"/>
	</field>
	
	<field name="gmd:CI_Telephone">
		<suggest name="gmd:voice"/>
		<suggest name="gmd:facsimile"/>
	</field>
	
	<field name="gmd:CI_Address">
		<suggest name="gmd:deliveryPoint"/>
		<suggest name="gmd:city"/>
		<suggest name="gmd:administrativeArea"/>
		<suggest name="gmd:postalCode"/>
		<suggest name="gmd:country"/>
		<suggest name="gmd:electronicMailAddress"/>
	</field>
	
	<field name="gmd:MD_Keywords">
		<suggest name="gmd:type"/>
	</field>
	
	<field name="mcp:EX_Extent">
		<suggest name="gmd:temporalElement"/>
		<suggest name="gmd:geographicElement"/>
		<suggest name="gmd:verticalElement"/>
		<suggest name="mcp:taxonomicElement"/>
	</field>

	<field name="mcp:EX_TaxonomicCoverage">
		<suggest name="mcp:taxonConcepts"/>
	</field>

	<field name="mcp:taxonConcepts">
		<suggest name="xlink:href"/>
	</field>

	<field name="mcp:EX_TemporalExtent">
		<suggest name="gmd:extent"/>
	</field>
	
	<field name="gmd:extent">
		<suggest name="mcp:EX_Extent"/>
	</field>
	
	<field name="gml:TimePeriod">
		<suggest name="gml:beginPosition"/>
		<suggest name="gml:endPosition"/>	
	</field>
	
	<field name="gmd:EX_GeographicBoundingBox">
		<suggest name="gmd:westBoundLongitude"/>
		<suggest name="gmd:eastBoundLongitude"/>	
		<suggest name="gmd:southBoundLatitude"/>
		<suggest name="gmd:northBoundLatitude"/>
	</field>

	<field name="gmd:attributes">
		<suggest name="uuidref"/>
	</field>

	<field name="gmd:features">
		<suggest name="uuidref"/>
	</field>

	<field name="gmd:featureInstances">
		<suggest name="uuidref"/>
	</field>

	<field name="gmd:attributeInstances">
		<suggest name="uuidref"/>
	</field>

	<field name="gmd:propertyType">
		<suggest name="uuidref"/>
	</field>

	<field name="gmd:featureType">
		<suggest name="uuidref"/>
	</field>

	<field name="gmd:featureAttribute">
		<suggest name="uuidref"/>
	</field>

	<field name="srv:operatesOn">
		<suggest name="uuidref"/>
	</field>

	<field name="gml:Polygon">
		<suggest name="srsName"/>
	</field>

	<field name="gml:descriptionReference">
		<suggest name="xlink:href"/>
	</field>

</fields>
