<?xml version="1.0" encoding="UTF-8"?>
<schema xmlns="http://geonetwork-opensource.org/schemas/schema-ident" xmlns:xsi="http://www.w3.org/2001/XMLSchema-instance" xsi:schemaLocation="http://geonetwork-opensource.org/schemas/schema-ident http://geonetwork-opensource.org/schemas/schema-ident/schema-ident.xsd">
	<name>iso19139.mcp-1.4</name>
	<id>ad5525c0-ddda-11df-a981-001c2346de4c</id>
	<version>1.4</version>
  <appMinorVersionSupported>3.4.0</appMinorVersionSupported>
	<depends>iso19139</depends>
	<schemaLocation>http://bluenet3.antcrc.utas.edu.au/mcp http://bluenet3.antcrc.utas.edu.au/mcp-1.4/schema.xsd http://www.isotc211.org/2005/srv http://schemas.opengis.net/iso/19139/20060504/srv/srv.xsd  http://www.isotc211.org/2005/gmx http://www.isotc211.org/2005/gmx/gmx.xsd</schemaLocation>
	<autodetect xmlns:mcp="http://bluenet3.antcrc.utas.edu.au/mcp" xmlns:gmd="http://www.isotc211.org/2005/gmd" xmlns:gco="http://www.isotc211.org/2005/gco">
		<elements>
			<gmd:metadataStandardName>
				<gco:CharacterString>Australian Marine Community Profile of ISO 19115:2005/19139|Marine Community Profile of ISO 19115:2005/19139</gco:CharacterString>
			</gmd:metadataStandardName>
			<gmd:metadataStandardVersion>
				<gco:CharacterString>1.4|MCP:BlueNet V1.4|MCP:BlueNet V1.3|1.4-19139</gco:CharacterString>
				<!-- Note: This schema accepts V1.3 records but these need to be 
				           converted before they can be edited -->
			</gmd:metadataStandardVersion>
		</elements>
	</autodetect>
</schema>
