<?xml version="1.0" encoding="UTF-8"?>
<!--
	
 * Hide in edit mode : If some codelist needs to be hidden
 in edit mode, the hideInEditMode attribute could be added
 to any entries.
 
 eg.
	<entry hideInEditMode="true">
	
 This will restrict the number of available entries for end
 user editors and keep all records ISO compatible when using
 codelist (eg. harvested records could use codelist hidden
 in local node and needs to be displayed in view mode).
 
 By default, this attribute is not used.
-->
<codelists xmlns:gmd="http://www.isotc211.org/2005/gmd">
	<!-- ==================================================== -->
	<codelist name="gmd:MD_ScopeCode">
		<entry>
			<code>attribute</code>
			<label>Attribute</label>
			<description>Information applies to the attribute class</description>
		</entry>
		<!-- - - - - - - - - - - - - - - - - - - - - - - - - -->
		<entry>
			<code>attributeType</code>
			<label>Attribute type</label>
			<description>Information applies to the characteristic of a feature</description>
		</entry>
		<!-- - - - - - - - - - - - - - - - - - - - - - - - - -->
		<entry>
			<code>collectionHardware</code>
			<label>Collection hardware</label>
			<description>Information applies to the collection hardware class</description>
		</entry>
		<!-- - - - - - - - - - - - - - - - - - - - - - - - - -->
		<entry>
			<code>collectionSession</code>
			<label>Collection session</label>
			<description>Information applies to the collection session</description>
		</entry>
		<!-- - - - - - - - - - - - - - - - - - - - - - - - - -->
		<entry>
			<code>dataset</code>
			<label>Dataset</label>
			<description>Information applies to the dataset</description>
		</entry>
		<!-- - - - - - - - - - - - - - - - - - - - - - - - - -->
		<entry>
			<code>series</code>
			<label>Series</label>
			<description>Information applies to the series</description>
		</entry>
		<!-- - - - - - - - - - - - - - - - - - - - - - - - - -->
		<entry>
			<code>nonGeographicDataset</code>
			<label>Non geographic dataset</label>
			<description>Information applies to non-geographic data</description>
		</entry>
		<!-- - - - - - - - - - - - - - - - - - - - - - - - - -->
		<entry>
			<code>dimensionGroup</code>
			<label>Dimension group</label>
			<description>Information applies to a dimension group</description>
		</entry>
		<!-- - - - - - - - - - - - - - - - - - - - - - - - - -->
		<entry>
			<code>feature</code>
			<label>Feature</label>
			<description>Information applies to a feature</description>
		</entry>
		<!-- - - - - - - - - - - - - - - - - - - - - - - - - -->
		<entry>
			<code>featureType</code>
			<label>Feature type</label>
			<description>Information applies to a feature type</description>
		</entry>
		<!-- - - - - - - - - - - - - - - - - - - - - - - - - -->
		<entry>
			<code>propertyType</code>
			<label>Property type</label>
			<description>Information applies to a property type</description>
		</entry>
		<!-- - - - - - - - - - - - - - - - - - - - - - - - - -->
		<entry>
			<code>fieldSession</code>
			<label>Field session</label>
			<description>Information applies to a field session</description>
		</entry>
		<!-- - - - - - - - - - - - - - - - - - - - - - - - - -->
		<entry>
			<code>software</code>
			<label>Software</label>
			<description>Information applies to a computer program or routine</description>
		</entry>
		<!-- - - - - - - - - - - - - - - - - - - - - - - - - -->
		<entry>
			<code>service</code>
			<label>Service</label>
			<description>Information applies to a capability which a service provider entity makes available to a service user entity through a set of interfaces that define a behaviour, such as a use case</description>
		</entry>
		<!-- - - - - - - - - - - - - - - - - - - - - - - - - -->
		<entry>
			<code>model</code>
			<label>Model</label>
			<description>Information applies to a copy or imitation of an existing or hypothetical object</description>
		</entry>
		<!-- - - - - - - - - - - - - - - - - - - - - - - - - -->
		<entry>
			<code>tile</code>
			<label>Tile</label>
			<description>Information applies to a tile, a spatial subset of geographic data</description>
		</entry>
		<!-- - - - - - - - - - - - - - - - - - - - - - - - - -->
		<!-- new scope codes from GA -->
		<!-- - - - - - - - - - - - - - - - - - - - - - - - - -->
		<entry>
			<code>modelSession</code>
			<label>Model Session</label>
			<description>Information applies to a model session or model run for a particular model</description>
		</entry>
		<!-- - - - - - - - - - - - - - - - - - - - - - - - - -->
		<entry>
			<code>document</code>
			<label>Document</label>
			<description>Information applies to a document such as a publication, report, record etc.</description>
		</entry>
		<!-- - - - - - - - - - - - - - - - - - - - - - - - - -->
		<entry>
			<code>profile</code>
			<label>Profile</label>
			<description>Information applies to a profile of an ISO TC 211 standard or specification</description>
		</entry>
		<!-- - - - - - - - - - - - - - - - - - - - - - - - - -->
		<entry>
			<code>dataRepository</code>
			<label>Data Repository</label>
			<description>Information applies to a data repository such as a Catalogue Service, Relational Database, Web Registry</description>
		</entry>
		<!-- - - - - - - - - - - - - - - - - - - - - - - - - -->
		<entry>
			<code>codeList</code>
			<label>Code List</label>
			<description>Information applies to a code list according to the CT_CodelistCatalogue format</description>
		</entry>
		<!-- - - - - - - - - - - - - - - - - - - - - - - - - -->
		<entry>
			<code>project</code>
			<label>Project</label>
			<description>Information applies to a project or programme</description>
		</entry>
	</codelist>
	<!-- ==================================================== -->
	<codelist name="gmd:DS_InitiativeTypeCode">
		<entry>
			<code>campaign</code>
			<label>Campaign</label>
			<description>Series of organized planned actions</description>
		</entry>
		<!-- - - - - - - - - - - - - - - - - - - - - - - - - -->
		<entry>
			<code>collection</code>
			<label>Collection</label>
			<description>Accumulation of datasets assembled for a specific purpose</description>
		</entry>
		<!-- - - - - - - - - - - - - - - - - - - - - - - - - -->
		<entry>
			<code>exercise</code>
			<label>Exercise</label>
			<description>Specific performance of a function or group of functions</description>
		</entry>
		<!-- - - - - - - - - - - - - - - - - - - - - - - - - -->
		<entry>
			<code>experiment</code>
			<label>Experiment</label>
			<description>Process designed to find if something is effective or valid</description>
		</entry>
		<!-- - - - - - - - - - - - - - - - - - - - - - - - - -->
		<entry>
			<code>investigation</code>
			<label>Investigation</label>
			<description>Search or systematic inquiry</description>
		</entry>
		<!-- - - - - - - - - - - - - - - - - - - - - - - - - -->
		<entry>
			<code>mission</code>
			<label>Mission</label>
			<description>Specific operation of a data collection system</description>
		</entry>
		<!-- - - - - - - - - - - - - - - - - - - - - - - - - -->
		<entry>
			<code>sensor</code>
			<label>Sensor</label>
			<description>Device or piece of equipment which detects or records</description>
		</entry>
		<!-- - - - - - - - - - - - - - - - - - - - - - - - - -->
		<entry>
			<code>operation</code>
			<label>Operation</label>
			<description>Action that is part of a series of actions</description>
		</entry>
		<!-- - - - - - - - - - - - - - - - - - - - - - - - - -->
		<entry>
			<code>platform</code>
			<label>Platform</label>
			<description>Vehicle or other support base that holds a sensor</description>
		</entry>
		<!-- - - - - - - - - - - - - - - - - - - - - - - - - -->
		<entry>
			<code>process</code>
			<label>Process</label>
			<description>Method of doing something involving a number of steps</description>
		</entry>
		<!-- - - - - - - - - - - - - - - - - - - - - - - - - -->
		<entry>
			<code>program</code>
			<label>Program</label>
			<description>Specific planned activity</description>
		</entry>
		<!-- - - - - - - - - - - - - - - - - - - - - - - - - -->
		<entry>
			<code>project</code>
			<label>Project</label>
			<description>Organized undertaking, research, or development</description>
		</entry>
		<!-- - - - - - - - - - - - - - - - - - - - - - - - - -->
		<entry>
			<code>study</code>
			<label>Study</label>
			<description>Examination or investigation</description>
		</entry>
		<!-- - - - - - - - - - - - - - - - - - - - - - - - - -->
		<entry>
			<code>task</code>
			<label>Task</label>
			<description>Piece of work</description>
		</entry>
		<!-- - - - - - - - - - - - - - - - - - - - - - - - - -->
		<entry>
			<code>trial</code>
			<label>Trial</label>
			<description>Process of testing to discover or demonstrate something</description>
		</entry>
		<!-- - - - - - - - - - - - - - - - - - - - - - - - - -->
		<entry>
			<code>dataset</code>
			<label>Dataset</label>
			<description>A dataset.</description>
		</entry>
		<!-- - - - - - - - - - - - - - - - - - - - - - - - - -->
	</codelist>
	<!-- ==================================================== -->
</codelists>
