<?xml version="1.0" encoding="UTF-8"?>
<strings>
	<aggregationlink>Search for other records in this Aggregation Set</aggregationlink>
	<childidentifierlink>Show Child records</childidentifierlink>
	<contact>Contact</contact>
	<credit>Credit</credit>
	<creditlink>Search for other records with this Credit</creditlink>
	<distributionOnlineInfo>Distribution and On-line Resource(s)</distributionOnlineInfo>
	<lineage>Lineage</lineage>
	<metadataInfo>Metadata Info</metadataInfo>
	<parentidentifierlink>Show Parent record</parentidentifierlink>
	<referenceSystemInfo>Reference System Info</referenceSystemInfo>
	<siblingidentifierlink>Show Sibling records</siblingidentifierlink>
	<spatialExtentTab>Spatial Extent</spatialExtentTab>
	<temporalExtentTab>Temporal Ext.</temporalExtentTab>
	<xml_iso19139.anzlic>Save this metadata as an ISO19139 ANZLIC XML file</xml_iso19139.anzlic>
	<xml_iso19139.anzlicTorifcs>Save this metadata as an ANDS rifcs XML file</xml_iso19139.anzlicTorifcs>
	<xml_iso19139.anzlicTooai_dc>Save this metadata as an OAI Dublin Core XML file</xml_iso19139.anzlicTooai_dc>

  <!-- New strings added for the AngularJS editor -->
  <!-- View and tabs -->
  <advanced>Full</advanced>
  <default>Simple</default>
  <simple>Simple</simple>
  <inspire>INSPIRE</inspire>
  <resource>Resource</resource>
  <xml>XML</xml>
  <metadata>Metadata</metadata>
  <identificationInfo>Identification</identificationInfo>
  <distributionInfo>Distribution</distributionInfo>
  <dataQualityInfo>Quality</dataQualityInfo>
  <spatialRepresentationInfo>Spatial rep.</spatialRepresentationInfo>
  <referenceSystemInfo>Ref. system</referenceSystemInfo>
  <contentInfo>Content</contentInfo>
  <portrayalCatalogueInfo>Portrayal</portrayalCatalogueInfo>
  <metadataConstraints>Md. constraints</metadataConstraints>
  <metadataMaintenance>Md. maintenance</metadataMaintenance>
  <applicationSchemaInfo>Schema info</applicationSchemaInfo>

  <!-- XSD error translation -->
  <invalidElement>Invalid element. Invalid content was found starting with element: </invalidElement>
  <onElementOf>One of the following elements </onElementOf>
  <isExpected> is expected.</isExpected>
  <isNotComplete> is not complete.</isNotComplete>
  <elementLocated>Parent element is </elementLocated>
  <missingElement>Missing element. The content of element: </missingElement>
  <invalidValue>Invalid or missing value.</invalidValue>
  <notValidFor> is not a valid value for </notValidFor>
  <xsdErrorIs>XSD error is: </xsdErrorIs>
  <inElement> in element </inElement>
  <enum1>Value </enum1>
  <enum2> is not valid for the field </enum2>
  <enum3>List of values is :</enum3>

  <!-- INSPIRE view labels and help -->
  <url>Online resource</url>
  <identifier>Resource identifier</identifier>
  <rsIdentifier>Projection</rsIdentifier>
  <referenceDate>Temporal information</referenceDate>
  <creationDate>Creation date</creationDate>
  <hierarchyLevel>Hierarchy level</hierarchyLevel>
  <publicationDate>Publication date</publicationDate>
  <revisionDate>Revision date</revisionDate>
  <temporalRangeSection>Temporal extent</temporalRangeSection>
  <beginPosition>Begin</beginPosition>
  <endPosition>End</endPosition>
	<conceptualConsistency>Quality: Logical Consistency</conceptualConsistency>
	<absoluteExternalPositionalAccuracy>Quality: Positional Accuracy</absoluteExternalPositionalAccuracy>
	<nonQuantitativeAttributeAccuracy>Quality: Attribute Accuracy</nonQuantitativeAttributeAccuracy>
	<completenessOmission>Quality: Completeness</completenessOmission>
  <conformity_title>Title</conformity_title>
  <conformity_date>Date</conformity_date>
  <explanation>Explanation</explanation>
  <pass>Pass</pass>
  <indeterminatePosition>Indeterminate position</indeterminatePosition>
  <pointOfContact>Contact for the resource</pointOfContact>
  <metadataPointOfContact>Contact for the metadata</metadataPointOfContact>
  <organisationName>Organisation name</organisationName>
  <electronicMailAddress>Email</electronicMailAddress>
  <role>Role</role>
  <encoding>Encoding</encoding>
  <inspireTheme>INSPIRE themes</inspireTheme>
  <format>Format</format>
  <format_version>Version</format_version>
  <spatialResolution>Spatial resolution (scale)</spatialResolution>
  <spatialDistance>Spatial resolution (distance)</spatialDistance>
  <accessConstraints>Access constraints</accessConstraints>
  <useLimitation>Use limitation</useLimitation>
  <notEvaluated>Not evaluated</notEvaluated>
  <add-resource-id>Compute resource identifier</add-resource-id>
  <add-resource-idHelp>Compose the resource identifier using the catalog URL and the metadata identifier (eg. http://www.organization.org/catalogue/5391bf69-44bc-4ea0-8cc0-6cf6c3bc81ae).</add-resource-idHelp>
  <add-extent-from-geokeywords>Compute extent from keyword</add-extent-from-geokeywords>
  <add-extent-from-geokeywordsHelp>Analyze each keyword of type place and add matching extent.</add-extent-from-geokeywordsHelp>
</strings>
