<epsgcodes>
<projectedCRS>
<CRS>
<name>GDA94 / MGA zone 48</name>
<valid>Australia - between 102 and 108 deg East.</valid>
<epsg>EPSG:28348</epsg>
</CRS>
<CRS>
<name>GDA94 / MGA zone 49</name>
<valid>Australia - between 108 and 114 deg East.</valid>
<epsg>EPSG:28349</epsg>
</CRS>
<CRS>
<name>GDA94 / MGA zone 50</name>
<valid>Australia - between 114 and 120 deg East.</valid>
<epsg>EPSG:28350</epsg>
</CRS>
<CRS>
<name>GDA94 / MGA zone 51</name>
<valid>Australia - between 120 and 126 deg East.</valid>
<epsg>EPSG:28351</epsg>
</CRS>
<CRS>
<name>GDA94 / MGA zone 52</name>
<valid>Australia - between 126 and 132 deg East.</valid>
<epsg>EPSG:28352</epsg>
</CRS>
<CRS>
<name>GDA94 / MGA zone 53</name>
<valid>Australia - between 132 and 138 deg East.</valid>
<epsg>EPSG:28353</epsg>
</CRS>
<CRS>
<name>GDA94 / MGA zone 54</name>
<valid>Australia - between 138 and 144 deg East.</valid>
<epsg>EPSG:28354</epsg>
</CRS>
<CRS>
<name>GDA94/ MGA zone 55</name>
<valid>Australia - between 144 and 150 deg East.</valid>
<epsg>EPSG:28355</epsg>
</CRS>
<CRS>
<name>GDA94/ MGA zone 56</name>
<valid>Australia - between 150 and 156 deg East.</valid>
<epsg>EPSG:28356</epsg>
</CRS>
<CRS>
<name>GDA94 / MGA zone 57</name>
<valid>Australia - between 156 and 162 deg East.</valid>
<epsg>EPSG:28357</epsg>
</CRS>
<CRS>
<name>GDA94 / MGA zone 58</name>
<valid>Australia - between 162 and 168 deg East.</valid>
<epsg>EPSG:28358</epsg>
</CRS>
<CRS>
<name>GDA94 / Australian Albers</name>
<valid>Australia - Australian Capital Territory (ACT); New South Wales (NSW); Northern Territory (NT); Queensland (Qld); South Australia (SA); Tasmania (Tas); Western Australia (WA); Victoria (Vic).</valid>
<epsg>EPSG:3577</epsg>
</CRS>
<CRS>
<name>GDA94 / Geoscience Australia Lambert</name>
<valid>Engineering survey projects and consequent design and construction</valid>
<epsg>EPSG:3112</epsg>
</CRS>
<CRS>
<name>GDA94 / NSW Lambert</name>
<valid>Australia - New South Wales (NSW).</valid>
<epsg>EPSG:3308</epsg>
</CRS>
<CRS>
<name>GDA94 / SA Lambert</name>
<valid>Australia - South Australia (SA).</valid>
<epsg>EPSG:3107</epsg>
</CRS>
<CRS>
<name>GDA94 / Vicgrid94</name>
<valid>Australia - Victoria (Vic).</valid>
<epsg>EPSG:3111</epsg>
</CRS>
<CRS>
<name>GDA94 / Brisbane City Survey Grid 02 (BCSG02)</name>
<valid>Australia - Queensland (Qld) - Brisbane area:- local authorities in south-east Queensland: Gold Coast, Logan, Beaudesert, Redcliffe, Redlands, Pine Rivers, Caboolture, Caloundra, Maroochy, Noosa, Maryborough; local authorities in north-east NSW: Tweed, Byron, Lismore, Ballina and Richmond Valley.</valid>
<epsg>EPSG:3113</epsg>
</CRS>
<CRS>
<name>WGS 84 / Australian Antarctic Lambert</name>
<valid>Antarctica - Australian sector - north of 80 deg South.</valid>
<epsg>EPSG:3111</epsg>
</CRS>
<CRS>
<name>WGS 84 / Australian Antarctic Polar Stereographic</name>
<valid>Antarctica - Australian sector.</valid>
<epsg>EPSG:3032</epsg>
</CRS>
<CRS>
<name>WGS 84 / PDC Mercator</name>
<valid>Pacific Ocean - American Samoa, Antarctica, Australia, Brunei Darussalam, Cambodia, Canada, Chile, China, China - Hong Kong, China - Maca0, Cook Islands, Ecuador, Fiji, French Polynesia, Guam, Indonesia, Japan, Kiribati, Democratic People's Republic of Korea (North Korea), Republic of Korea (South Korea), Malaysia, Marshall Islands, Federated States of Micronesia, Nauru, New Caledonia, New Zealand, Niue, Norfolk Island, Northern Mariana Islands, Palau, Panama, Papua New Guinea (PNG), Peru, Philippines, Pitcairn, Russian Federation, Samoa, Singapore, Solomon Islands, Taiwan, Thailand, Tokelau, Tonga, Tuvalu, United States (USA), United States Minor Outlying Islands, Vanuatu, Venezuela, Vietnam, Wallis and Futuna.</valid>
<epsg>EPSG:3349</epsg>
</CRS>
<CRS>
<name>AGD84 / AMG zone 48</name>
<valid>Australia - between 102 and 108 deg East.</valid>
<epsg>EPSG:20348</epsg>
</CRS>
<CRS>
<name>AGD84 / AMG zone 49</name>
<valid>Australia - between 108 and 114 deg East.</valid>
<epsg>EPSG:20349</epsg>
</CRS>
<CRS>
<name>AGD84 / AMG zone 50</name>
<valid>Australia - between 114 and 120 deg East.</valid>
<epsg>EPSG:20350</epsg>
</CRS>
<CRS>
<name>AGD84 / AMG zone 51</name>
<valid>Australia - between 120 and 126 deg East.</valid>
<epsg>EPSG:20351</epsg>
</CRS>
<CRS>
<name>AGD84 / AMG zone 52</name>
<valid>Australia - between 126 and 132 deg East.</valid>
<epsg>EPSG:20352</epsg>
</CRS>
<CRS>
<name>AGD84 / AMG zone 53</name>
<valid>Australia - between 132 and 138 deg East.</valid>
<epsg>EPSG:20353</epsg>
</CRS>
<CRS>
<name>AGD84 / AMG zone 54</name>
<valid>Australia - between 138 and 144 deg East.</valid>
<epsg>EPSG:20354</epsg>
</CRS>
<CRS>
<name>AGD84 / AMG zone 55</name>
<valid>Australia - between 144 and 150 deg East.</valid>
<epsg>EPSG:20355</epsg>
</CRS>
<CRS>
<name>AGD84 / AMG zone 56</name>
<valid>Australia - between 150 and 156 deg East.</valid>
<epsg>EPSG:20356</epsg>
</CRS>
<CRS>
<name>AGD84 / AMG zone 57</name>
<valid>Australia - between 156 and 162 deg East.</valid>
<epsg>EPSG:20357</epsg>
</CRS>
<CRS>
<name>AGD84 / AMG zone 58</name>
<valid>Australia - between 162 and 168 deg East.</valid>
<epsg>EPSG:20358</epsg>
</CRS>
<CRS>
<name>AGD66 / AMG zone 48</name>
<valid>Australia - between 102 and 108 deg East.</valid>
<epsg>EPSG:20248</epsg>
</CRS>
<CRS>
<name>AGD66 / AMG zone 49</name>
<valid>Australia - between 108 and 114 deg East.</valid>
<epsg>EPSG:20249</epsg>
</CRS>
<CRS>
<name>AGD66 / AMG zone 50</name>
<valid>Australia - between 114 and 120 deg East.</valid>
<epsg>EPSG:20250</epsg>
</CRS>
<CRS>
<name>AGD66 / AMG zone 51</name>
<valid>Australia - between 120 and 126 deg East.</valid>
<epsg>EPSG:20251</epsg>
</CRS>
<CRS>
<name>AGD66 / AMG zone 52</name>
<valid>Australia - between 126 and 132 deg East.</valid>
<epsg>EPSG:20252</epsg>
</CRS>
<CRS>
<name>AGD66 / AMG zone 53</name>
<valid>Australia - between 132 and 138 deg East.</valid>
<epsg>EPSG:20253</epsg>
</CRS>
<CRS>
<name>AGD66 / AMG zone 54</name>
<valid>Australia - between 138 and 144 deg East.</valid>
<epsg>EPSG:20254</epsg>
</CRS>
<CRS>
<name>AGD66 / AMG zone 55</name>
<valid>Australia - between 144 and 150 deg East.</valid>
<epsg>EPSG:20255</epsg>
</CRS>
<CRS>
<name>AGD66 / AMG zone 56</name>
<valid>Australia - between 150 and 156 deg East.</valid>
<epsg>EPSG:20256</epsg>
</CRS>
<CRS>
<name>AGD66 / AMG zone 57</name>
<valid>Australia - between 156 and 162 deg East.</valid>
<epsg>EPSG:20257</epsg>
</CRS>
<CRS>
<name>AGD66 / AMG zone 58</name>
<valid>Australia - between 162 and 168 deg East.</valid>
<epsg>EPSG:20258</epsg>
</CRS>
<CRS>
<name>AGD66 / Vicgrid66</name>
<valid>Australia - Victoria (Vic).</valid>
<epsg>EPSG:3110</epsg>
</CRS>
</projectedCRS>
</epsgcodes>
